dataset,prop_budget,seed,mean_width,coverage,sq_err,n_resampled,n_resampled_unique
mmlu-pro,0.025,0,0.0663842111825943,0.9408043380027112,0.0003145047521684319,0.0,0.0
mmlu-pro,0.025,1,0.06671912223100662,0.9435155896972436,0.00033206373336724937,0.0,0.0
mmlu-pro,0.025,2,0.0665820762515068,0.94713059195662,0.0003028608043678105,0.0,0.0
mmlu-pro,0.025,3,0.06651676446199417,0.9408043380027112,0.0003237424825783819,0.0,0.0
mmlu-pro,0.025,4,0.06654787063598633,0.9371893357433349,0.00031991503783501685,0.0,0.0
mmlu-pro,0.025,5,0.06652937829494476,0.9457749661093539,0.0002926076704170555,0.0,0.0
mmlu-pro,0.025,6,0.06634006649255753,0.9353818346136467,0.00031343704904429615,0.0,0.0
mmlu-pro,0.025,7,0.06638788431882858,0.9484862178038862,0.0003050643717870116,0.0,0.0
mmlu-pro,0.025,8,0.06620298326015472,0.9362855851784908,0.00033623541821725667,0.0,0.0
mmlu-pro,0.025,9,0.06652472168207169,0.9353818346136467,0.0003367149911355227,0.0,0.0
mmlu-pro,0.025,10,0.06655602902173996,0.938996836873023,0.00031058379681780934,0.0,0.0
mmlu-pro,0.025,11,0.06674588471651077,0.938093086308179,0.00032172820647247136,0.0,0.0
mmlu-pro,0.025,12,0.06661813706159592,0.9511974694984184,0.0003033979737665504,0.0,0.0
mmlu-pro,0.025,13,0.06638225167989731,0.9435155896972436,0.00030992506071925163,0.0,0.0
mmlu-pro,0.025,14,0.06629611551761627,0.9426118391323995,0.00031403571483679116,0.0,0.0
mmlu-pro,0.025,15,0.06655094772577286,0.9462268413917759,0.0003083700721617788,0.0,0.0
mmlu-pro,0.025,16,0.06639949977397919,0.9349299593312246,0.0003271155583206564,0.0,0.0
mmlu-pro,0.025,17,0.06624434143304825,0.9448712155445097,0.00031074677826836705,0.0,0.0
mmlu-pro,0.025,18,0.06651677191257477,0.9421599638499775,0.0003060251474380493,0.0,0.0
mmlu-pro,0.025,19,0.06618063896894455,0.9421599638499775,0.00030591952963732183,0.0,0.0
mmlu-pro,0.025,20,0.06643758714199066,0.9453230908269318,0.0003050512168556452,0.0,0.0
mmlu-pro,0.025,21,0.06667332351207733,0.9362855851784908,0.0003111060941591859,0.0,0.0
mmlu-pro,0.025,22,0.06647323817014694,0.9317668323542703,0.00033267788239754736,0.0,0.0
mmlu-pro,0.025,23,0.06637602299451828,0.9462268413917759,0.00029651541262865067,0.0,0.0
mmlu-pro,0.025,24,0.0661059096455574,0.9353818346136467,0.00031520158518105745,0.0,0.0
mmlu-pro,0.025,25,0.06679846346378326,0.9430637144148215,0.00031398655846714973,0.0,0.0
mmlu-pro,0.025,26,0.0667579397559166,0.9480343425214641,0.0003082629991695285,0.0,0.0
mmlu-pro,0.025,27,0.06607349216938019,0.9444193402620877,0.00030477356631308794,0.0,0.0
mmlu-pro,0.025,28,0.06618153303861618,0.9353818346136467,0.00032880614162422717,0.0,0.0
mmlu-pro,0.025,29,0.06665967404842377,0.9439674649796657,0.00030613920534960926,0.0,0.0
mmlu-pro,0.025,30,0.06625904887914658,0.9421599638499775,0.0003121842455584556,0.0,0.0
mmlu-pro,0.025,31,0.06646165251731873,0.94713059195662,0.00029512334731407464,0.0,0.0
mmlu-pro,0.025,32,0.06630879640579224,0.9417080885675554,0.0003010054351761937,0.0,0.0
mmlu-pro,0.025,33,0.06620219349861145,0.9448712155445097,0.00030456631793640554,0.0,0.0
mmlu-pro,0.025,34,0.06625369936227798,0.947582467239042,0.000315602112095803,0.0,0.0
mmlu-pro,0.025,35,0.06660313159227371,0.9403524627202893,0.00031456659780815244,0.0,0.0
mmlu-pro,0.025,36,0.06621253490447998,0.9426118391323995,0.00032198752160184085,0.0,0.0
mmlu-pro,0.025,37,0.06649939715862274,0.9439674649796657,0.00031644850969314575,0.0,0.0
mmlu-pro,0.025,38,0.06666593253612518,0.9376412110257569,0.0003215546312276274,0.0,0.0
mmlu-pro,0.025,39,0.06634523719549179,0.9430637144148215,0.0003034053952433169,0.0,0.0
mmlu-pro,0.025,40,0.0662456601858139,0.9408043380027112,0.00030321578378789127,0.0,0.0
mmlu-pro,0.025,41,0.06647425889968872,0.9435155896972436,0.0003016157716047019,0.0,0.0
mmlu-pro,0.025,42,0.06623668968677521,0.94713059195662,0.00030941356089897454,0.0,0.0
mmlu-pro,0.025,43,0.0667852908372879,0.9403524627202893,0.0003031750675290823,0.0,0.0
mmlu-pro,0.025,44,0.06626574695110321,0.9421599638499775,0.00031003603362478316,0.0,0.0
mmlu-pro,0.025,45,0.06635203957557678,0.9421599638499775,0.0003045739431399852,0.0,0.0
mmlu-pro,0.025,46,0.06644732505083084,0.9426118391323995,0.0003074287378694862,0.0,0.0
mmlu-pro,0.025,47,0.06668078154325485,0.9371893357433349,0.00030845540459267795,0.0,0.0
mmlu-pro,0.025,48,0.06621601432561874,0.9362855851784908,0.00033116264967247844,0.0,0.0
mmlu-pro,0.025,49,0.06648099422454834,0.9435155896972436,0.00030877668177708983,0.0,0.0
mmlu-pro,0.025,50,0.06686597317457199,0.9462268413917759,0.00031598738860338926,0.0,0.0
mmlu-pro,0.025,51,0.06658940762281418,0.9358337098960687,0.0003327069280203432,0.0,0.0
mmlu-pro,0.025,52,0.06640252470970154,0.9439674649796657,0.0002968013577628881,0.0,0.0
mmlu-pro,0.025,53,0.06656735390424728,0.9408043380027112,0.00031202955869957805,0.0,0.0
mmlu-pro,0.025,54,0.06674071401357651,0.9439674649796657,0.0003151828423142433,0.0,0.0
mmlu-pro,0.025,55,0.06636067479848862,0.9426118391323995,0.00031348405173048377,0.0,0.0
mmlu-pro,0.025,56,0.06658785045146942,0.9426118391323995,0.0003158458275720477,0.0,0.0
mmlu-pro,0.025,57,0.066096231341362,0.9412562132851333,0.00030646359664388,0.0,0.0
mmlu-pro,0.025,58,0.06624317169189453,0.9421599638499775,0.00029850113787688315,0.0,0.0
mmlu-pro,0.025,59,0.06710269302129745,0.9417080885675554,0.00032312318217009306,0.0,0.0
mmlu-pro,0.025,60,0.06590532511472702,0.947582467239042,0.0003213965392205864,0.0,0.0
mmlu-pro,0.025,61,0.0665733814239502,0.9435155896972436,0.0003052878309972584,0.0,0.0
mmlu-pro,0.025,62,0.06661007553339005,0.9430637144148215,0.000316917517920956,0.0,0.0
mmlu-pro,0.025,63,0.06645011901855469,0.9394487121554451,0.0003119392495136708,0.0,0.0
mmlu-pro,0.025,64,0.06624886393547058,0.9335743334839585,0.0003310089523438364,0.0,0.0
mmlu-pro,0.025,65,0.06636504083871841,0.9417080885675554,0.0003022036689799279,0.0,0.0
mmlu-pro,0.025,66,0.06637337058782578,0.9399005874378672,0.0003134452272206545,0.0,0.0
mmlu-pro,0.025,67,0.06658848375082016,0.9448712155445097,0.0003054209519177675,0.0,0.0
mmlu-pro,0.025,68,0.06648296117782593,0.9349299593312246,0.0003201805811841041,0.0,0.0
mmlu-pro,0.025,69,0.06648945808410645,0.9403524627202893,0.00031879128073342144,0.0,0.0
mmlu-pro,0.025,70,0.06629352271556854,0.9435155896972436,0.0003088251396548003,0.0,0.0
mmlu-pro,0.025,71,0.06637954711914062,0.9299593312245821,0.00032417624606750906,0.0,0.0
mmlu-pro,0.025,72,0.066622294485569,0.9489380930863082,0.0002993372327182442,0.0,0.0
mmlu-pro,0.025,73,0.06636978685855865,0.9376412110257569,0.00031791478977538645,0.0,0.0
mmlu-pro,0.025,74,0.06654955446720123,0.9399005874378672,0.00031862332252785563,0.0,0.0
mmlu-pro,0.025,75,0.06639378517866135,0.9421599638499775,0.000309625145746395,0.0,0.0
mmlu-pro,0.025,76,0.06677024811506271,0.938996836873023,0.00031574504100717604,0.0,0.0
mmlu-pro,0.025,77,0.06659501045942307,0.9417080885675554,0.00030900255660526454,0.0,0.0
mmlu-pro,0.025,78,0.06601906567811966,0.9371893357433349,0.0003198516205884516,0.0,0.0
mmlu-pro,0.025,79,0.06648274511098862,0.9358337098960687,0.00033033150248229504,0.0,0.0
mmlu-pro,0.025,80,0.0664154663681984,0.938996836873023,0.00031037486041896045,0.0,0.0
mmlu-pro,0.025,81,0.066431425511837,0.9353818346136467,0.00031812870292924345,0.0,0.0
mmlu-pro,0.025,82,0.06616602092981339,0.9530049706281066,0.0002878722152672708,0.0,0.0
mmlu-pro,0.025,83,0.06638064980506897,0.9362855851784908,0.0003114317951258272,0.0,0.0
mmlu-pro,0.025,84,0.06628947705030441,0.938996836873023,0.00031874419073574245,0.0,0.0
mmlu-pro,0.025,85,0.06629758328199387,0.9317668323542703,0.0003217546036466956,0.0,0.0
mmlu-pro,0.025,86,0.0666041299700737,0.9412562132851333,0.0003059704031329602,0.0,0.0
mmlu-pro,0.025,87,0.0659467950463295,0.9344780840488026,0.0003071931714657694,0.0,0.0
mmlu-pro,0.025,88,0.0661185011267662,0.9426118391323995,0.0003117797605227679,0.0,0.0
mmlu-pro,0.025,89,0.06644344329833984,0.9430637144148215,0.00031354581005871296,0.0,0.0
mmlu-pro,0.025,90,0.06637204438447952,0.9367374604609128,0.0003161877684760839,0.0,0.0
mmlu-pro,0.025,91,0.06608118861913681,0.9417080885675554,0.0003080930910073221,0.0,0.0
mmlu-pro,0.025,92,0.06624654680490494,0.9385449615906011,0.0003124192589893937,0.0,0.0
mmlu-pro,0.025,93,0.06583854556083679,0.9367374604609128,0.0003198819176759571,0.0,0.0
mmlu-pro,0.025,94,0.06667643040418625,0.9417080885675554,0.0003171430726069957,0.0,0.0
mmlu-pro,0.025,95,0.0664174035191536,0.94713059195662,0.00030999165028333664,0.0,0.0
mmlu-pro,0.025,96,0.06609268486499786,0.938093086308179,0.00031436755671165884,0.0,0.0
mmlu-pro,0.025,97,0.06628396362066269,0.9511974694984184,0.000309997791191563,0.0,0.0
mmlu-pro,0.025,98,0.06657243520021439,0.9426118391323995,0.00031879707239568233,0.0,0.0
mmlu-pro,0.025,99,0.06601040810346603,0.9403524627202893,0.0003128413518425077,0.0,0.0
mmlu-pro,0.05,0,0.04188093543052673,0.9498418436511523,0.00011922507110284641,0.0,0.0
mmlu-pro,0.05,1,0.041686560958623886,0.9344780840488026,0.00013434080756269395,0.0,0.0
mmlu-pro,0.05,2,0.04211590439081192,0.9358337098960687,0.0001344399352092296,0.0,0.0
mmlu-pro,0.05,3,0.041638683527708054,0.9453230908269318,0.0001308018108829856,0.0,0.0
mmlu-pro,0.05,4,0.04178042337298393,0.9408043380027112,0.00013517965271603316,0.0,0.0
mmlu-pro,0.05,5,0.04174484312534332,0.9502937189335744,0.00012382770364638418,0.0,0.0
mmlu-pro,0.05,6,0.041429005563259125,0.9457749661093539,0.0001255000097444281,0.0,0.0
mmlu-pro,0.05,7,0.04173210635781288,0.947582467239042,0.00012248476559761912,0.0,0.0
mmlu-pro,0.05,8,0.04196066036820412,0.9394487121554451,0.00013786426279693842,0.0,0.0
mmlu-pro,0.05,9,0.04194074869155884,0.9408043380027112,0.00013569316070061177,0.0,0.0
mmlu-pro,0.05,10,0.04178483039140701,0.946678716674198,0.0001220377889694646,0.0,0.0
mmlu-pro,0.05,11,0.0420805960893631,0.9335743334839585,0.0001407728559570387,0.0,0.0
mmlu-pro,0.05,12,0.04160206392407417,0.9435155896972436,0.00012630911078304052,0.0,0.0
mmlu-pro,0.05,13,0.04181987792253494,0.9367374604609128,0.00013274555385578424,0.0,0.0
mmlu-pro,0.05,14,0.041739825159311295,0.9412562132851333,0.00012950264499522746,0.0,0.0
mmlu-pro,0.05,15,0.0417703241109848,0.9376412110257569,0.00013204461720306426,0.0,0.0
mmlu-pro,0.05,16,0.04195014759898186,0.9439674649796657,0.00013456791930366307,0.0,0.0
mmlu-pro,0.05,17,0.041799191385507584,0.9498418436511523,0.00012338058149907738,0.0,0.0
mmlu-pro,0.05,18,0.04173719137907028,0.9417080885675554,0.0001266185281565413,0.0,0.0
mmlu-pro,0.05,19,0.04181094840168953,0.9426118391323995,0.0001284198515349999,0.0,0.0
mmlu-pro,0.05,20,0.041784629225730896,0.9507455942159965,0.00012066498311469331,0.0,0.0
mmlu-pro,0.05,21,0.041542280465364456,0.9371893357433349,0.0001292898814426735,0.0,0.0
mmlu-pro,0.05,22,0.0420471727848053,0.9317668323542703,0.00013802973262500018,0.0,0.0
mmlu-pro,0.05,23,0.041800446808338165,0.9457749661093539,0.00012519670417532325,0.0,0.0
mmlu-pro,0.05,24,0.041473470628261566,0.9430637144148215,0.00012721917300950736,0.0,0.0
mmlu-pro,0.05,25,0.04191357642412186,0.938093086308179,0.000133247027406469,0.0,0.0
mmlu-pro,0.05,26,0.04195360094308853,0.9421599638499775,0.00012730248272418976,0.0,0.0
mmlu-pro,0.05,27,0.04161081463098526,0.9457749661093539,0.00012636929750442505,0.0,0.0
mmlu-pro,0.05,28,0.04188058525323868,0.9421599638499775,0.00013370669330470264,0.0,0.0
mmlu-pro,0.05,29,0.04173963516950607,0.9457749661093539,0.00012382492423057556,0.0,0.0
mmlu-pro,0.05,30,0.0417935736477375,0.9385449615906011,0.00013578214566223323,0.0,0.0
mmlu-pro,0.05,31,0.041814081370830536,0.938093086308179,0.0001261777797481045,0.0,0.0
mmlu-pro,0.05,32,0.04147034510970116,0.9349299593312246,0.00013339378347154707,0.0,0.0
mmlu-pro,0.05,33,0.04192284867167473,0.9326705829191143,0.00014077205560170114,0.0,0.0
mmlu-pro,0.05,34,0.041917286813259125,0.9430637144148215,0.00012852228246629238,0.0,0.0
mmlu-pro,0.05,35,0.04174801707267761,0.9421599638499775,0.00011897434160346165,0.0,0.0
mmlu-pro,0.05,36,0.04183739423751831,0.9457749661093539,0.00012172391143394634,0.0,0.0
mmlu-pro,0.05,37,0.04173360764980316,0.9331224582015364,0.00013489984849002212,0.0,0.0
mmlu-pro,0.05,38,0.04210053011775017,0.9417080885675554,0.00013546145055443048,0.0,0.0
mmlu-pro,0.05,39,0.04181750491261482,0.9511974694984184,0.00012351127224974334,0.0,0.0
mmlu-pro,0.05,40,0.041844289749860764,0.9403524627202893,0.00012882282317150384,0.0,0.0
mmlu-pro,0.05,41,0.04172487184405327,0.9385449615906011,0.000136352886329405,0.0,0.0
mmlu-pro,0.05,42,0.041559115052223206,0.9349299593312246,0.00013284153828863055,0.0,0.0
mmlu-pro,0.05,43,0.04180622100830078,0.94713059195662,0.00012626498937606812,0.0,0.0
mmlu-pro,0.05,44,0.04177650064229965,0.938996836873023,0.0001343207259196788,0.0,0.0
mmlu-pro,0.05,45,0.04162346199154854,0.9457749661093539,0.00012370164040476084,0.0,0.0
mmlu-pro,0.05,46,0.041568323969841,0.9412562132851333,0.00012361096742097288,0.0,0.0
mmlu-pro,0.05,47,0.04218566417694092,0.938093086308179,0.00013352675887290388,0.0,0.0
mmlu-pro,0.05,48,0.041678570210933685,0.9367374604609128,0.0001289603824261576,0.0,0.0
mmlu-pro,0.05,49,0.041677068918943405,0.9371893357433349,0.00013149196456652135,0.0,0.0
mmlu-pro,0.05,50,0.042038239538669586,0.9385449615906011,0.0001305204350501299,0.0,0.0
mmlu-pro,0.05,51,0.04181037098169327,0.9444193402620877,0.0001293832901865244,0.0,0.0
mmlu-pro,0.05,52,0.04178311675786972,0.938093086308179,0.00013087262050248682,0.0,0.0
mmlu-pro,0.05,53,0.042209114879369736,0.9362855851784908,0.00013173409388400614,0.0,0.0
mmlu-pro,0.05,54,0.041545525193214417,0.9399005874378672,0.00013018585741519928,0.0,0.0
mmlu-pro,0.05,55,0.04190343618392944,0.9426118391323995,0.0001347787765553221,0.0,0.0
mmlu-pro,0.05,56,0.0418405756354332,0.94713059195662,0.0001246573665412143,0.0,0.0
mmlu-pro,0.05,57,0.04156138747930527,0.9349299593312246,0.00012934691039845347,0.0,0.0
mmlu-pro,0.05,58,0.041596896946430206,0.938996836873023,0.00011952040222240612,0.0,0.0
mmlu-pro,0.05,59,0.04194990545511246,0.9570718481699051,0.00012681601219810545,0.0,0.0
mmlu-pro,0.05,60,0.0416397899389267,0.9426118391323995,0.0001287746854359284,0.0,0.0
mmlu-pro,0.05,61,0.04196945205330849,0.9371893357433349,0.00013360816228669137,0.0,0.0
mmlu-pro,0.05,62,0.04166107252240181,0.9421599638499775,0.00012861817958764732,0.0,0.0
mmlu-pro,0.05,63,0.04176134616136551,0.9521012200632626,0.00012719536607619375,0.0,0.0
mmlu-pro,0.05,64,0.041638635098934174,0.9376412110257569,0.00013244154979474843,0.0,0.0
mmlu-pro,0.05,65,0.04208524525165558,0.938093086308179,0.00013178853259887546,0.0,0.0
mmlu-pro,0.05,66,0.0418490394949913,0.9317668323542703,0.0001397792511852458,0.0,0.0
mmlu-pro,0.05,67,0.041765954345464706,0.947582467239042,0.00012560182949528098,0.0,0.0
mmlu-pro,0.05,68,0.041725125163793564,0.9385449615906011,0.00012962995970156044,0.0,0.0
mmlu-pro,0.05,69,0.04164492338895798,0.9430637144148215,0.00013403454795479774,0.0,0.0
mmlu-pro,0.05,70,0.04191805422306061,0.9371893357433349,0.00013320977450348437,0.0,0.0
mmlu-pro,0.05,71,0.0415802076458931,0.9421599638499775,0.00012000615242868662,0.0,0.0
mmlu-pro,0.05,72,0.041631586849689484,0.9371893357433349,0.00012778813834302127,0.0,0.0
mmlu-pro,0.05,73,0.04190743714570999,0.9353818346136467,0.00013764953473582864,0.0,0.0
mmlu-pro,0.05,74,0.04152216389775276,0.9399005874378672,0.00013179713278077543,0.0,0.0
mmlu-pro,0.05,75,0.04185888543725014,0.9462268413917759,0.0001267709885723889,0.0,0.0
mmlu-pro,0.05,76,0.041938576847314835,0.9394487121554451,0.00013271909847389907,0.0,0.0
mmlu-pro,0.05,77,0.0419146791100502,0.9444193402620877,0.00013111418229527771,0.0,0.0
mmlu-pro,0.05,78,0.041775066405534744,0.9353818346136467,0.0001331939420197159,0.0,0.0
mmlu-pro,0.05,79,0.04180486500263214,0.9335743334839585,0.00013595688506029546,0.0,0.0
mmlu-pro,0.05,80,0.04180639982223511,0.9412562132851333,0.00012445681204553694,0.0,0.0
mmlu-pro,0.05,81,0.04173200950026512,0.9376412110257569,0.0001236274401890114,0.0,0.0
mmlu-pro,0.05,82,0.04176931455731392,0.9394487121554451,0.00013009495160076767,0.0,0.0
mmlu-pro,0.05,83,0.041826821863651276,0.9417080885675554,0.000132306624436751,0.0,0.0
mmlu-pro,0.05,84,0.04174909368157387,0.9299593312245821,0.00013862052583135664,0.0,0.0
mmlu-pro,0.05,85,0.04191863536834717,0.938093086308179,0.00013120843505021185,0.0,0.0
mmlu-pro,0.05,86,0.04168803617358208,0.9421599638499775,0.0001206483066198416,0.0,0.0
mmlu-pro,0.05,87,0.0414302833378315,0.9421599638499775,0.00012477477139327675,0.0,0.0
mmlu-pro,0.05,88,0.04151752218604088,0.9340262087663805,0.00013657292583957314,0.0,0.0
mmlu-pro,0.05,89,0.041696641594171524,0.9290555806597379,0.0001364072086289525,0.0,0.0
mmlu-pro,0.05,90,0.041685570031404495,0.9344780840488026,0.00013574610056821257,0.0,0.0
mmlu-pro,0.05,91,0.041961558163166046,0.9376412110257569,0.00013921222125645727,0.0,0.0
mmlu-pro,0.05,92,0.041733622550964355,0.9394487121554451,0.0001274736860068515,0.0,0.0
mmlu-pro,0.05,93,0.041290245950222015,0.9240849525530954,0.00013319359277375042,0.0,0.0
mmlu-pro,0.05,94,0.04170724004507065,0.9457749661093539,0.00012166267697466537,0.0,0.0
mmlu-pro,0.05,95,0.04170665889978409,0.9326705829191143,0.00013426755322143435,0.0,0.0
mmlu-pro,0.05,96,0.04171265289187431,0.9322187076366923,0.00013080447388347238,0.0,0.0
mmlu-pro,0.05,97,0.04151737317442894,0.9417080885675554,0.00012826378224417567,0.0,0.0
mmlu-pro,0.05,98,0.0418708510696888,0.9371893357433349,0.00012643933587241918,0.0,0.0
mmlu-pro,0.05,99,0.041765954345464706,0.9399005874378672,0.00012607277312781662,0.0,0.0
mmlu-pro,0.075,0,0.03174640238285065,0.9484862178038862,7.035829912638292e-05,0.0,0.0
mmlu-pro,0.075,1,0.03169059380888939,0.9362855851784908,7.867392560001463e-05,0.0,0.0
mmlu-pro,0.075,2,0.03188331797719002,0.946678716674198,7.256407116074115e-05,0.0,0.0
mmlu-pro,0.075,3,0.03161211684346199,0.9421599638499775,7.546509732492268e-05,0.0,0.0
mmlu-pro,0.075,4,0.031673043966293335,0.9412562132851333,7.368587102973834e-05,0.0,0.0
mmlu-pro,0.075,5,0.031723618507385254,0.9507455942159965,7.14623965905048e-05,0.0,0.0
mmlu-pro,0.075,6,0.031479690223932266,0.9511974694984184,7.246020686579868e-05,0.0,0.0
mmlu-pro,0.075,7,0.031643182039260864,0.9521012200632626,6.578028114745393e-05,0.0,0.0
mmlu-pro,0.075,8,0.03179200738668442,0.9317668323542703,7.906667451607063e-05,0.0,0.0
mmlu-pro,0.075,9,0.0317961648106575,0.938996836873023,7.902304059825838e-05,0.0,0.0
mmlu-pro,0.075,10,0.031697772443294525,0.9399005874378672,7.195895159384236e-05,0.0,0.0
mmlu-pro,0.075,11,0.031857505440711975,0.9335743334839585,8.01493224571459e-05,0.0,0.0
mmlu-pro,0.075,12,0.0315253920853138,0.9430637144148215,7.172455661930144e-05,0.0,0.0
mmlu-pro,0.075,13,0.031754475086927414,0.9394487121554451,7.799154263921082e-05,0.0,0.0
mmlu-pro,0.075,14,0.03169882670044899,0.9344780840488026,7.819823076715693e-05,0.0,0.0
mmlu-pro,0.075,15,0.031679198145866394,0.9453230908269318,7.59275644668378e-05,0.0,0.0
mmlu-pro,0.075,16,0.03179764002561569,0.9511974694984184,7.788449875079095e-05,0.0,0.0
mmlu-pro,0.075,17,0.031687770038843155,0.946678716674198,7.28870218154043e-05,0.0,0.0
mmlu-pro,0.075,18,0.03169441223144531,0.9439674649796657,7.299402932403609e-05,0.0,0.0
mmlu-pro,0.075,19,0.031742244958877563,0.9444193402620877,7.531080336775631e-05,0.0,0.0
mmlu-pro,0.075,20,0.03170056268572807,0.9493899683687302,7.198130333563313e-05,0.0,0.0
mmlu-pro,0.075,21,0.031613003462553024,0.9417080885675554,7.452415593434125e-05,0.0,0.0
mmlu-pro,0.075,22,0.03183421120047569,0.938093086308179,7.92921127867885e-05,0.0,0.0
mmlu-pro,0.075,23,0.031705938279628754,0.9412562132851333,7.409622048726305e-05,0.0,0.0
mmlu-pro,0.075,24,0.03153262659907341,0.9480343425214641,7.032852590782568e-05,0.0,0.0
mmlu-pro,0.075,25,0.03175049275159836,0.9362855851784908,7.401777111226693e-05,0.0,0.0
mmlu-pro,0.075,26,0.03181696683168411,0.9448712155445097,7.5088108133059e-05,0.0,0.0
mmlu-pro,0.075,27,0.03156938776373863,0.9435155896972436,7.36105430405587e-05,0.0,0.0
mmlu-pro,0.075,28,0.03177494928240776,0.9408043380027112,7.682926661800593e-05,0.0,0.0
mmlu-pro,0.075,29,0.031685490161180496,0.9426118391323995,7.263000588864088e-05,0.0,0.0
mmlu-pro,0.075,30,0.03170934319496155,0.9448712155445097,7.519556675106287e-05,0.0,0.0
mmlu-pro,0.075,31,0.03175906091928482,0.9444193402620877,7.296208787010983e-05,0.0,0.0
mmlu-pro,0.075,32,0.03154972568154335,0.9344780840488026,7.663389988010749e-05,0.0,0.0
mmlu-pro,0.075,33,0.031798355281353,0.9421599638499775,7.880750490585342e-05,0.0,0.0
mmlu-pro,0.075,34,0.03177734464406967,0.9502937189335744,7.103773532435298e-05,0.0,0.0
mmlu-pro,0.075,35,0.03163286671042442,0.9457749661093539,7.017745519988239e-05,0.0,0.0
mmlu-pro,0.075,36,0.031697291880846024,0.9453230908269318,7.056626782286912e-05,0.0,0.0
mmlu-pro,0.075,37,0.031648486852645874,0.9353818346136467,7.698844274273142e-05,0.0,0.0
mmlu-pro,0.075,38,0.031900279223918915,0.9480343425214641,7.731200457783416e-05,0.0,0.0
mmlu-pro,0.075,39,0.03175246715545654,0.9408043380027112,7.400837785098702e-05,0.0,0.0
mmlu-pro,0.075,40,0.0317581370472908,0.9394487121554451,7.319349242607132e-05,0.0,0.0
mmlu-pro,0.075,41,0.031677860766649246,0.9371893357433349,7.777089922456071e-05,0.0,0.0
mmlu-pro,0.075,42,0.03156178817152977,0.9435155896972436,7.521972293034196e-05,0.0,0.0
mmlu-pro,0.075,43,0.03170613944530487,0.9462268413917759,7.388587982859462e-05,0.0,0.0
mmlu-pro,0.075,44,0.031721021980047226,0.938996836873023,7.716032268945128e-05,0.0,0.0
mmlu-pro,0.075,45,0.031593549996614456,0.9448712155445097,7.211900810943916e-05,0.0,0.0
mmlu-pro,0.075,46,0.03150853514671326,0.9426118391323995,7.165238639572635e-05,0.0,0.0
mmlu-pro,0.075,47,0.03192795068025589,0.9421599638499775,7.294421084225178e-05,0.0,0.0
mmlu-pro,0.075,48,0.0316791757941246,0.938996836873023,7.284652383532375e-05,0.0,0.0
mmlu-pro,0.075,49,0.03163665905594826,0.9430637144148215,7.439701585099101e-05,0.0,0.0
mmlu-pro,0.075,50,0.03187297657132149,0.9498418436511523,7.079529314069077e-05,0.0,0.0
mmlu-pro,0.075,51,0.03170037269592285,0.9408043380027112,7.402444316539913e-05,0.0,0.0
mmlu-pro,0.075,52,0.0317160040140152,0.9340262087663805,7.660370465600863e-05,0.0,0.0
mmlu-pro,0.075,53,0.03198430314660072,0.9417080885675554,7.446845847880468e-05,0.0,0.0
mmlu-pro,0.075,54,0.03157419711351395,0.9457749661093539,7.546716369688511e-05,0.0,0.0
mmlu-pro,0.075,55,0.0318373367190361,0.9331224582015364,7.805518544046208e-05,0.0,0.0
mmlu-pro,0.075,56,0.03174763172864914,0.9444193402620877,7.25190038792789e-05,0.0,0.0
mmlu-pro,0.075,57,0.031570710241794586,0.9290555806597379,7.772531535010785e-05,0.0,0.0
mmlu-pro,0.075,58,0.03155079856514931,0.9435155896972436,7.153052865760401e-05,0.0,0.0
mmlu-pro,0.075,59,0.031760137528181076,0.9525530953456847,7.180335524026304e-05,0.0,0.0
mmlu-pro,0.075,60,0.03162191063165665,0.947582467239042,7.34565983293578e-05,0.0,0.0
mmlu-pro,0.075,61,0.03180931508541107,0.9353818346136467,7.552952592959628e-05,0.0,0.0
mmlu-pro,0.075,62,0.03159743919968605,0.9435155896972436,7.339812145801261e-05,0.0,0.0
mmlu-pro,0.075,63,0.03168792650103569,0.9511974694984184,7.253051444422454e-05,0.0,0.0
mmlu-pro,0.075,64,0.03161187097430229,0.9417080885675554,7.552862371085212e-05,0.0,0.0
mmlu-pro,0.075,65,0.03183485195040703,0.9430637144148215,7.389767415588722e-05,0.0,0.0
mmlu-pro,0.075,66,0.03177018463611603,0.9349299593312246,7.792719407007098e-05,0.0,0.0
mmlu-pro,0.075,67,0.03173903748393059,0.946678716674198,7.099033973645419e-05,0.0,0.0
mmlu-pro,0.075,68,0.03169717639684677,0.9421599638499775,7.260799611685798e-05,0.0,0.0
mmlu-pro,0.075,69,0.03161214292049408,0.9349299593312246,7.686327444389462e-05,0.0,0.0
mmlu-pro,0.075,70,0.03178258612751961,0.947582467239042,7.598353113280609e-05,0.0,0.0
mmlu-pro,0.075,71,0.031526368111371994,0.9525530953456847,7.052883302094415e-05,0.0,0.0
mmlu-pro,0.075,72,0.031610652804374695,0.9412562132851333,7.28318264009431e-05,0.0,0.0
mmlu-pro,0.075,73,0.03183157742023468,0.938996836873023,7.812395051587373e-05,0.0,0.0
mmlu-pro,0.075,74,0.031523361802101135,0.9353818346136467,7.497768820030615e-05,0.0,0.0
mmlu-pro,0.075,75,0.03177760913968086,0.9439674649796657,7.54102657083422e-05,0.0,0.0
mmlu-pro,0.075,76,0.03179781138896942,0.9376412110257569,7.544994150521234e-05,0.0,0.0
mmlu-pro,0.075,77,0.03174856677651405,0.9484862178038862,7.538190402556211e-05,0.0,0.0
mmlu-pro,0.075,78,0.03171097859740257,0.9376412110257569,7.407250814139843e-05,0.0,0.0
mmlu-pro,0.075,79,0.0317438505589962,0.9403524627202893,7.495504542021081e-05,0.0,0.0
mmlu-pro,0.075,80,0.03175562247633934,0.9367374604609128,7.3225652158726e-05,0.0,0.0
mmlu-pro,0.075,81,0.031698551028966904,0.9457749661093539,6.892537930980325e-05,0.0,0.0
mmlu-pro,0.075,82,0.031734783202409744,0.938996836873023,7.72916610003449e-05,0.0,0.0
mmlu-pro,0.075,83,0.03172890469431877,0.938093086308179,7.626550359418616e-05,0.0,0.0
mmlu-pro,0.075,84,0.03166435658931732,0.9367374604609128,7.971882587298751e-05,0.0,0.0
mmlu-pro,0.075,85,0.03172799199819565,0.9371893357433349,7.600300159538165e-05,0.0,0.0
mmlu-pro,0.075,86,0.03168502449989319,0.9484862178038862,6.767906597815454e-05,0.0,0.0
mmlu-pro,0.075,87,0.031469088047742844,0.9376412110257569,7.380839088000357e-05,0.0,0.0
mmlu-pro,0.075,88,0.031530704349279404,0.9367374604609128,7.804035703884438e-05,0.0,0.0
mmlu-pro,0.075,89,0.031675271689891815,0.9317668323542703,7.712598016951233e-05,0.0,0.0
mmlu-pro,0.075,90,0.031648796051740646,0.9353818346136467,7.600295793963596e-05,0.0,0.0
mmlu-pro,0.075,91,0.03182820603251457,0.938996836873023,7.793272379785776e-05,0.0,0.0
mmlu-pro,0.075,92,0.03168570622801781,0.9399005874378672,7.409036334138364e-05,0.0,0.0
mmlu-pro,0.075,93,0.03141854703426361,0.9394487121554451,7.486522372346371e-05,0.0,0.0
mmlu-pro,0.075,94,0.031670667231082916,0.9426118391323995,7.079873466864228e-05,0.0,0.0
mmlu-pro,0.075,95,0.03165572136640549,0.9371893357433349,7.688337791478261e-05,0.0,0.0
mmlu-pro,0.075,96,0.03163488209247589,0.9358337098960687,7.565590931335464e-05,0.0,0.0
mmlu-pro,0.075,97,0.03154350072145462,0.9480343425214641,7.166338036768138e-05,0.0,0.0
mmlu-pro,0.075,98,0.031801577657461166,0.9399005874378672,7.311988156288862e-05,0.0,0.0
mmlu-pro,0.075,99,0.03172069042921066,0.9426118391323995,7.277810072991997e-05,0.0,0.0
mmlu-pro,0.1,0,0.02601414918899536,0.9484862178038862,4.743856334243901e-05,0.0,0.0
mmlu-pro,0.1,1,0.02596164681017399,0.938093086308179,5.236792276264168e-05,0.0,0.0
mmlu-pro,0.1,2,0.02611498348414898,0.9403524627202893,4.897539838566445e-05,0.0,0.0
mmlu-pro,0.1,3,0.02591826766729355,0.9444193402620877,5.001891986466944e-05,0.0,0.0
mmlu-pro,0.1,4,0.025974426418542862,0.9399005874378672,4.983687540516257e-05,0.0,0.0
mmlu-pro,0.1,5,0.026005888357758522,0.9480343425214641,4.932200681651011e-05,0.0,0.0
mmlu-pro,0.1,6,0.025842705741524696,0.9462268413917759,4.8470694309799e-05,0.0,0.0
mmlu-pro,0.1,7,0.02596198581159115,0.9457749661093539,4.556423664325848e-05,0.0,0.0
mmlu-pro,0.1,8,0.026041079312562943,0.9322187076366923,5.3814201237400994e-05,0.0,0.0
mmlu-pro,0.1,9,0.026063816621899605,0.94713059195662,5.1851911848643795e-05,0.0,0.0
mmlu-pro,0.1,10,0.026005232706665993,0.9385449615906011,4.937808625982143e-05,0.0,0.0
mmlu-pro,0.1,11,0.02609877660870552,0.9353818346136467,5.384944233810529e-05,0.0,0.0
mmlu-pro,0.1,12,0.025904854759573936,0.9367374604609128,4.9933278205571696e-05,0.0,0.0
mmlu-pro,0.1,13,0.026066424325108528,0.9448712155445097,5.141779547557235e-05,0.0,0.0
mmlu-pro,0.1,14,0.025962507352232933,0.9385449615906011,5.3596319048665464e-05,0.0,0.0
mmlu-pro,0.1,15,0.02598579041659832,0.9417080885675554,5.150332071934827e-05,0.0,0.0
mmlu-pro,0.1,16,0.02606556937098503,0.9403524627202893,5.163815512787551e-05,0.0,0.0
mmlu-pro,0.1,17,0.025968682020902634,0.946678716674198,4.9047564971260726e-05,0.0,0.0
mmlu-pro,0.1,18,0.02598690614104271,0.9489380930863082,4.903153967461549e-05,0.0,0.0
mmlu-pro,0.1,19,0.026026993989944458,0.94713059195662,5.054247594671324e-05,0.0,0.0
mmlu-pro,0.1,20,0.02600346878170967,0.9493899683687302,4.844884460908361e-05,0.0,0.0
mmlu-pro,0.1,21,0.0259458776563406,0.9417080885675554,5.253190465737134e-05,0.0,0.0
mmlu-pro,0.1,22,0.02612733468413353,0.9326705829191143,5.181934466236271e-05,0.0,0.0
mmlu-pro,0.1,23,0.025998443365097046,0.94713059195662,4.8668443923816085e-05,0.0,0.0
mmlu-pro,0.1,24,0.025870908051729202,0.9426118391323995,4.7270361392293125e-05,0.0,0.0
mmlu-pro,0.1,25,0.026017865166068077,0.9426118391323995,4.978628930984996e-05,0.0,0.0
mmlu-pro,0.1,26,0.0260666124522686,0.9430637144148215,5.091010098112747e-05,0.0,0.0
mmlu-pro,0.1,27,0.025904420763254166,0.9484862178038862,5.030197644373402e-05,0.0,0.0
mmlu-pro,0.1,28,0.02605060115456581,0.9399005874378672,5.062438503955491e-05,0.0,0.0
mmlu-pro,0.1,29,0.025990061461925507,0.9480343425214641,4.841068584937602e-05,0.0,0.0
mmlu-pro,0.1,30,0.026006707921624184,0.9507455942159965,5.0882314098998904e-05,0.0,0.0
mmlu-pro,0.1,31,0.026048678904771805,0.9417080885675554,4.982259270036593e-05,0.0,0.0
mmlu-pro,0.1,32,0.025887226685881615,0.9308630817894261,5.21488327649422e-05,0.0,0.0
mmlu-pro,0.1,33,0.026077596470713615,0.9417080885675554,5.1680348406080157e-05,0.0,0.0
mmlu-pro,0.1,34,0.026029793545603752,0.9457749661093539,4.937015910400078e-05,0.0,0.0
mmlu-pro,0.1,35,0.025989092886447906,0.9489380930863082,4.681853897636756e-05,0.0,0.0
mmlu-pro,0.1,36,0.02598058246076107,0.94713059195662,4.781107418239117e-05,0.0,0.0
mmlu-pro,0.1,37,0.025950035080313683,0.9353818346136467,5.388302815845236e-05,0.0,0.0
mmlu-pro,0.1,38,0.02611597254872322,0.946678716674198,5.22197806276381e-05,0.0,0.0
mmlu-pro,0.1,39,0.025999359786510468,0.9403524627202893,4.985979467164725e-05,0.0,0.0
mmlu-pro,0.1,40,0.026056339964270592,0.9448712155445097,4.921221261611208e-05,0.0,0.0
mmlu-pro,0.1,41,0.025963036343455315,0.9367374604609128,5.199590668780729e-05,0.0,0.0
mmlu-pro,0.1,42,0.025898931547999382,0.9444193402620877,5.002642865292728e-05,0.0,0.0
mmlu-pro,0.1,43,0.02599456161260605,0.9453230908269318,4.936126060783863e-05,0.0,0.0
mmlu-pro,0.1,44,0.02601953037083149,0.9412562132851333,5.151875666342676e-05,0.0,0.0
mmlu-pro,0.1,45,0.02591889537870884,0.9417080885675554,4.9842503358377144e-05,0.0,0.0
mmlu-pro,0.1,46,0.025828968733549118,0.9462268413917759,4.741954762721434e-05,0.0,0.0
mmlu-pro,0.1,47,0.026144105941057205,0.9417080885675554,4.92678300361149e-05,0.0,0.0
mmlu-pro,0.1,48,0.025964727625250816,0.9457749661093539,5.049820902058855e-05,0.0,0.0
mmlu-pro,0.1,49,0.02595764398574829,0.9453230908269318,5.086063902126625e-05,0.0,0.0
mmlu-pro,0.1,50,0.026134612038731575,0.9399005874378672,4.9163962103193626e-05,0.0,0.0
mmlu-pro,0.1,51,0.025982080027461052,0.9344780840488026,5.035251160734333e-05,0.0,0.0
mmlu-pro,0.1,52,0.02601782977581024,0.938093086308179,4.998013173462823e-05,0.0,0.0
mmlu-pro,0.1,53,0.026180744171142578,0.9367374604609128,5.049625542596914e-05,0.0,0.0
mmlu-pro,0.1,54,0.025918157771229744,0.9430637144148215,5.0492519221734256e-05,0.0,0.0
mmlu-pro,0.1,55,0.026094403117895126,0.9412562132851333,5.280126424622722e-05,0.0,0.0
mmlu-pro,0.1,56,0.026029841974377632,0.9462268413917759,4.724688915302977e-05,0.0,0.0
mmlu-pro,0.1,57,0.025892870500683784,0.9371893357433349,5.188321665627882e-05,0.0,0.0
mmlu-pro,0.1,58,0.025891268625855446,0.9502937189335744,4.736066694022156e-05,0.0,0.0
mmlu-pro,0.1,59,0.026039911434054375,0.9602349751468595,4.759127114084549e-05,0.0,0.0
mmlu-pro,0.1,60,0.025999365374445915,0.9399005874378672,5.05008538311813e-05,0.0,0.0
mmlu-pro,0.1,61,0.02607186697423458,0.9435155896972436,4.964269828633405e-05,0.0,0.0
mmlu-pro,0.1,62,0.025914393365383148,0.9439674649796657,4.881641871179454e-05,0.0,0.0
mmlu-pro,0.1,63,0.025963110849261284,0.946678716674198,5.0044032832374796e-05,0.0,0.0
mmlu-pro,0.1,64,0.02590654417872429,0.938996836873023,5.179028812563047e-05,0.0,0.0
mmlu-pro,0.1,65,0.026052871719002724,0.9385449615906011,4.943081148667261e-05,0.0,0.0
mmlu-pro,0.1,66,0.02604791335761547,0.9371893357433349,5.3000574553152546e-05,0.0,0.0
mmlu-pro,0.1,67,0.026024598628282547,0.946678716674198,4.653673022403382e-05,0.0,0.0
mmlu-pro,0.1,68,0.02599289081990719,0.938093086308179,5.000991222914308e-05,0.0,0.0
mmlu-pro,0.1,69,0.02594674564898014,0.9340262087663805,5.183945540920831e-05,0.0,0.0
mmlu-pro,0.1,70,0.02606440894305706,0.9399005874378672,5.018147567170672e-05,0.0,0.0
mmlu-pro,0.1,71,0.025885246694087982,0.9493899683687302,4.855100269196555e-05,0.0,0.0
mmlu-pro,0.1,72,0.025925923138856888,0.9421599638499775,4.759613875648938e-05,0.0,0.0
mmlu-pro,0.1,73,0.026105012744665146,0.9371893357433349,5.2389725169632584e-05,0.0,0.0
mmlu-pro,0.1,74,0.025879282504320145,0.9444193402620877,4.9837559345178306e-05,0.0,0.0
mmlu-pro,0.1,75,0.02605714276432991,0.9394487121554451,5.088085163151845e-05,0.0,0.0
mmlu-pro,0.1,76,0.02606034278869629,0.9421599638499775,5.140652501722798e-05,0.0,0.0
mmlu-pro,0.1,77,0.026006294414401054,0.9498418436511523,4.9891150410985574e-05,0.0,0.0
mmlu-pro,0.1,78,0.02599494345486164,0.9439674649796657,4.923659435007721e-05,0.0,0.0
mmlu-pro,0.1,79,0.026033544912934303,0.9462268413917759,5.137245898367837e-05,0.0,0.0
mmlu-pro,0.1,80,0.02602361887693405,0.938996836873023,4.949689537170343e-05,0.0,0.0
mmlu-pro,0.1,81,0.025975938886404037,0.9439674649796657,4.734889807878062e-05,0.0,0.0
mmlu-pro,0.1,82,0.026005825027823448,0.9444193402620877,5.0546132115414366e-05,0.0,0.0
mmlu-pro,0.1,83,0.02602279558777809,0.946678716674198,5.057916496298276e-05,0.0,0.0
mmlu-pro,0.1,84,0.025973523035645485,0.9371893357433349,5.29792632733006e-05,0.0,0.0
mmlu-pro,0.1,85,0.025997549295425415,0.9376412110257569,5.108337791170925e-05,0.0,0.0
mmlu-pro,0.1,86,0.02600698545575142,0.9448712155445097,4.6932495024520904e-05,0.0,0.0
mmlu-pro,0.1,87,0.025874102488160133,0.9421599638499775,5.020341632189229e-05,0.0,0.0
mmlu-pro,0.1,88,0.02588612586259842,0.9349299593312246,5.360677823773585e-05,0.0,0.0
mmlu-pro,0.1,89,0.025974269956350327,0.9362855851784908,5.139821951161139e-05,0.0,0.0
mmlu-pro,0.1,90,0.02597564272582531,0.9408043380027112,5.076546949567273e-05,0.0,0.0
mmlu-pro,0.1,91,0.02610420249402523,0.9399005874378672,5.133063314133324e-05,0.0,0.0
mmlu-pro,0.1,92,0.02597852237522602,0.9417080885675554,4.997062933398411e-05,0.0,0.0
mmlu-pro,0.1,93,0.025762300938367844,0.9408043380027112,5.132864316692576e-05,0.0,0.0
mmlu-pro,0.1,94,0.02597997337579727,0.9516493447808405,4.6754441427765414e-05,0.0,0.0
mmlu-pro,0.1,95,0.025949636474251747,0.9412562132851333,5.2217012125765905e-05,0.0,0.0
mmlu-pro,0.1,96,0.025956764817237854,0.9385449615906011,5.154668906470761e-05,0.0,0.0
mmlu-pro,0.1,97,0.02590738981962204,0.9430637144148215,4.831364640267566e-05,0.0,0.0
mmlu-pro,0.1,98,0.02604799158871174,0.9408043380027112,4.896521204500459e-05,0.0,0.0
mmlu-pro,0.1,99,0.025996169075369835,0.9435155896972436,4.802866169484332e-05,0.0,0.0
mmlu-pro,0.125,0,0.02221560664474964,0.9539087211929508,3.53498435288202e-05,0.0,0.0
mmlu-pro,0.125,1,0.022188233211636543,0.92950745594216,3.87165455322247e-05,0.0,0.0
mmlu-pro,0.125,2,0.022312887012958527,0.938093086308179,3.669117359095253e-05,0.0,0.0
mmlu-pro,0.125,3,0.022120719775557518,0.9340262087663805,3.587810351746157e-05,0.0,0.0
mmlu-pro,0.125,4,0.022206807509064674,0.9430637144148215,3.686885247589089e-05,0.0,0.0
mmlu-pro,0.125,5,0.0222239401191473,0.9444193402620877,3.541756086633541e-05,0.0,0.0
mmlu-pro,0.125,6,0.02211861126124859,0.9525530953456847,3.528432716848329e-05,0.0,0.0
mmlu-pro,0.125,7,0.02216978743672371,0.9498418436511523,3.398392800590955e-05,0.0,0.0
mmlu-pro,0.125,8,0.02226928435266018,0.9322187076366923,4.013524448964745e-05,0.0,0.0
mmlu-pro,0.125,9,0.02226298488676548,0.9426118391323995,3.887503407895565e-05,0.0,0.0
mmlu-pro,0.125,10,0.022203737869858742,0.9344780840488026,3.681640009745024e-05,0.0,0.0
mmlu-pro,0.125,11,0.02230500429868698,0.9385449615906011,3.8205107557587326e-05,0.0,0.0
mmlu-pro,0.125,12,0.022161806002259254,0.9358337098960687,3.6387147702043876e-05,0.0,0.0
mmlu-pro,0.125,13,0.02226651832461357,0.9412562132851333,3.693992766784504e-05,0.0,0.0
mmlu-pro,0.125,14,0.022195011377334595,0.9317668323542703,4.040544808958657e-05,0.0,0.0
mmlu-pro,0.125,15,0.02221720851957798,0.9462268413917759,3.790380651480518e-05,0.0,0.0
mmlu-pro,0.125,16,0.022279292345046997,0.9362855851784908,3.912917600246146e-05,0.0,0.0
mmlu-pro,0.125,17,0.02218635194003582,0.9426118391323995,3.59378827852197e-05,0.0,0.0
mmlu-pro,0.125,18,0.022196859121322632,0.9435155896972436,3.663633469841443e-05,0.0,0.0
mmlu-pro,0.125,19,0.02226492390036583,0.9426118391323995,3.7377962144091725e-05,0.0,0.0
mmlu-pro,0.125,20,0.022225739434361458,0.9349299593312246,3.649752397905104e-05,0.0,0.0
mmlu-pro,0.125,21,0.022180793806910515,0.9430637144148215,3.829424167633988e-05,0.0,0.0
mmlu-pro,0.125,22,0.022315485402941704,0.9254405784003615,3.855034810840152e-05,0.0,0.0
mmlu-pro,0.125,23,0.022222567349672318,0.9480343425214641,3.62191058229655e-05,0.0,0.0
mmlu-pro,0.125,24,0.022118307650089264,0.938996836873023,3.606824975577183e-05,0.0,0.0
mmlu-pro,0.125,25,0.022244449704885483,0.9412562132851333,3.694738188642077e-05,0.0,0.0
mmlu-pro,0.125,26,0.022288791835308075,0.9417080885675554,3.6929439374944195e-05,0.0,0.0
mmlu-pro,0.125,27,0.022146718576550484,0.9435155896972436,3.6029214243171737e-05,0.0,0.0
mmlu-pro,0.125,28,0.02225056290626526,0.9417080885675554,3.652368832263164e-05,0.0,0.0
mmlu-pro,0.125,29,0.02220817655324936,0.946678716674198,3.548632230376825e-05,0.0,0.0
mmlu-pro,0.125,30,0.02222936600446701,0.9448712155445097,3.7781392165925354e-05,0.0,0.0
mmlu-pro,0.125,31,0.0222539734095335,0.9385449615906011,3.6660509067587554e-05,0.0,0.0
mmlu-pro,0.125,32,0.022132551297545433,0.9322187076366923,3.740451211342588e-05,0.0,0.0
mmlu-pro,0.125,33,0.022287942469120026,0.9417080885675554,3.7057394365547225e-05,0.0,0.0
mmlu-pro,0.125,34,0.022220291197299957,0.947582467239042,3.7211604649201035e-05,0.0,0.0
mmlu-pro,0.125,35,0.022222032770514488,0.9444193402620877,3.5062355891568586e-05,0.0,0.0
mmlu-pro,0.125,36,0.022196393460035324,0.9480343425214641,3.5063596442341805e-05,0.0,0.0
mmlu-pro,0.125,37,0.022155631333589554,0.9313149570718482,3.975485742557794e-05,0.0,0.0
mmlu-pro,0.125,38,0.022311992943286896,0.9417080885675554,3.872190063702874e-05,0.0,0.0
mmlu-pro,0.125,39,0.022183265537023544,0.938996836873023,3.6414592614164576e-05,0.0,0.0
mmlu-pro,0.125,40,0.0222539734095335,0.9385449615906011,3.6968642234569415e-05,0.0,0.0
mmlu-pro,0.125,41,0.022175587713718414,0.9322187076366923,3.830523564829491e-05,0.0,0.0
mmlu-pro,0.125,42,0.02214832790195942,0.9457749661093539,3.695481063914485e-05,0.0,0.0
mmlu-pro,0.125,43,0.02221124991774559,0.9421599638499775,3.668690624181181e-05,0.0,0.0
mmlu-pro,0.125,44,0.022227099165320396,0.9426118391323995,3.73174661945086e-05,0.0,0.0
mmlu-pro,0.125,45,0.02217111922800541,0.938996836873023,3.559533797670156e-05,0.0,0.0
mmlu-pro,0.125,46,0.022096823900938034,0.9439674649796657,3.4743352443911135e-05,0.0,0.0
mmlu-pro,0.125,47,0.022311890497803688,0.9417080885675554,3.62306454917416e-05,0.0,0.0
mmlu-pro,0.125,48,0.02218347042798996,0.9349299593312246,3.786588058574125e-05,0.0,0.0
mmlu-pro,0.125,49,0.022173866629600525,0.9502937189335744,3.685730916913599e-05,0.0,0.0
mmlu-pro,0.125,50,0.022324731573462486,0.9362855851784908,3.665623444248922e-05,0.0,0.0
mmlu-pro,0.125,51,0.022201979532837868,0.9313149570718482,3.7642465031240135e-05,0.0,0.0
mmlu-pro,0.125,52,0.02223961241543293,0.9403524627202893,3.745015783351846e-05,0.0,0.0
mmlu-pro,0.125,53,0.022330617532134056,0.9362855851784908,3.663705865619704e-05,0.0,0.0
mmlu-pro,0.125,54,0.022149089723825455,0.9412562132851333,3.676272899610922e-05,0.0,0.0
mmlu-pro,0.125,55,0.02228655107319355,0.9344780840488026,3.849909262498841e-05,0.0,0.0
mmlu-pro,0.125,56,0.022250890731811523,0.947582467239042,3.601812568376772e-05,0.0,0.0
mmlu-pro,0.125,57,0.022143526002764702,0.9353818346136467,3.87922627851367e-05,0.0,0.0
mmlu-pro,0.125,58,0.02212662249803543,0.9403524627202893,3.505987842800096e-05,0.0,0.0
mmlu-pro,0.125,59,0.022246528416872025,0.9511974694984184,3.4112999856006354e-05,0.0,0.0
mmlu-pro,0.125,60,0.022215399891138077,0.9426118391323995,3.794017538893968e-05,0.0,0.0
mmlu-pro,0.125,61,0.022298362106084824,0.9421599638499775,3.5934022889705375e-05,0.0,0.0
mmlu-pro,0.125,62,0.02218305505812168,0.9426118391323995,3.708513031597249e-05,0.0,0.0
mmlu-pro,0.125,63,0.022189436480402946,0.94713059195662,3.633959204307757e-05,0.0,0.0
mmlu-pro,0.125,64,0.02214142680168152,0.9408043380027112,3.777265010285191e-05,0.0,0.0
mmlu-pro,0.125,65,0.02227475307881832,0.9371893357433349,3.688498691190034e-05,0.0,0.0
mmlu-pro,0.125,66,0.02225731499493122,0.9299593312245821,3.9254751754924655e-05,0.0,0.0
mmlu-pro,0.125,67,0.02223820798099041,0.9457749661093539,3.5730125091504306e-05,0.0,0.0
mmlu-pro,0.125,68,0.022218899801373482,0.9335743334839585,3.7909983802819625e-05,0.0,0.0
mmlu-pro,0.125,69,0.02216835506260395,0.9299593312245821,3.880817530443892e-05,0.0,0.0
mmlu-pro,0.125,70,0.022245079278945923,0.9435155896972436,3.690092853503302e-05,0.0,0.0
mmlu-pro,0.125,71,0.022120080888271332,0.946678716674198,3.654218016890809e-05,0.0,0.0
mmlu-pro,0.125,72,0.022145086899399757,0.9417080885675554,3.517774530337192e-05,0.0,0.0
mmlu-pro,0.125,73,0.022298255935311317,0.9299593312245821,3.907159043592401e-05,0.0,0.0
mmlu-pro,0.125,74,0.022123126313090324,0.94713059195662,3.6057335819350556e-05,0.0,0.0
mmlu-pro,0.125,75,0.02227405644953251,0.9399005874378672,3.6897192330798134e-05,0.0,0.0
mmlu-pro,0.125,76,0.022277386859059334,0.9439674649796657,3.7193618481978774e-05,0.0,0.0
mmlu-pro,0.125,77,0.02221779152750969,0.9489380930863082,3.7116900784894824e-05,0.0,0.0
mmlu-pro,0.125,78,0.0222091656178236,0.946678716674198,3.55314405169338e-05,0.0,0.0
mmlu-pro,0.125,79,0.022262969985604286,0.9362855851784908,3.848468986689113e-05,0.0,0.0
mmlu-pro,0.125,80,0.022261420264840126,0.9376412110257569,3.682377064251341e-05,0.0,0.0
mmlu-pro,0.125,81,0.022187592461705208,0.9331224582015364,3.666876000352204e-05,0.0,0.0
mmlu-pro,0.125,82,0.022214362397789955,0.9439674649796657,3.8213140214793384e-05,0.0,0.0
mmlu-pro,0.125,83,0.022220732644200325,0.9403524627202893,3.7531659472733736e-05,0.0,0.0
mmlu-pro,0.125,84,0.02219553478062153,0.9290555806597379,3.98074189433828e-05,0.0,0.0
mmlu-pro,0.125,85,0.022216085344552994,0.938996836873023,3.77122123609297e-05,0.0,0.0
mmlu-pro,0.125,86,0.0222270879894495,0.946678716674198,3.498442310956307e-05,0.0,0.0
mmlu-pro,0.125,87,0.022121157497167587,0.9408043380027112,3.7220976082608104e-05,0.0,0.0
mmlu-pro,0.125,88,0.022135309875011444,0.9349299593312246,3.86106657970231e-05,0.0,0.0
mmlu-pro,0.125,89,0.022194627672433853,0.9376412110257569,3.7892121326876804e-05,0.0,0.0
mmlu-pro,0.125,90,0.022192778065800667,0.9417080885675554,3.838197881123051e-05,0.0,0.0
mmlu-pro,0.125,91,0.02231120690703392,0.938996836873023,3.791772905969992e-05,0.0,0.0
mmlu-pro,0.125,92,0.022226599976420403,0.9426118391323995,3.631006256910041e-05,0.0,0.0
mmlu-pro,0.125,93,0.02201812155544758,0.9385449615906011,3.72826361854095e-05,0.0,0.0
mmlu-pro,0.125,94,0.022204354405403137,0.9453230908269318,3.600642958190292e-05,0.0,0.0
mmlu-pro,0.125,95,0.02219899743795395,0.9376412110257569,3.812518116319552e-05,0.0,0.0
mmlu-pro,0.125,96,0.02219991385936737,0.9340262087663805,3.8980440876912326e-05,0.0,0.0
mmlu-pro,0.125,97,0.02216694876551628,0.9430637144148215,3.589902553358115e-05,0.0,0.0
mmlu-pro,0.125,98,0.02225532941520214,0.938996836873023,3.6952067603124306e-05,0.0,0.0
mmlu-pro,0.125,99,0.022225532680749893,0.9412562132851333,3.6080153222428635e-05,0.0,0.0
mmlu-pro,0.15,0,0.019466297701001167,0.9435155896972436,2.7580937967286445e-05,0.0,0.0
mmlu-pro,0.15,1,0.019449962303042412,0.9290555806597379,3.0401100957533345e-05,0.0,0.0
mmlu-pro,0.15,2,0.019540050998330116,0.9385449615906011,2.8025348001392558e-05,0.0,0.0
mmlu-pro,0.15,3,0.019394487142562866,0.9304112065070042,2.8634061891352758e-05,0.0,0.0
mmlu-pro,0.15,4,0.019463010132312775,0.9353818346136467,2.8480908440542407e-05,0.0,0.0
mmlu-pro,0.15,5,0.019479326903820038,0.938093086308179,2.8079770345357247e-05,0.0,0.0
mmlu-pro,0.15,6,0.01939673349261284,0.9453230908269318,2.724104342632927e-05,0.0,0.0
mmlu-pro,0.15,7,0.01944049261510372,0.947582467239042,2.6540414182818495e-05,0.0,0.0
mmlu-pro,0.15,8,0.019541604444384575,0.9335743334839585,3.0705170502187684e-05,0.0,0.0
mmlu-pro,0.15,9,0.01952824741601944,0.9385449615906011,3.0845694709569216e-05,0.0,0.0
mmlu-pro,0.15,10,0.019463226199150085,0.9335743334839585,2.8824353648815304e-05,0.0,0.0
mmlu-pro,0.15,11,0.01954052597284317,0.9371893357433349,2.962035250675399e-05,0.0,0.0
mmlu-pro,0.15,12,0.019436854869127274,0.9322187076366923,2.9497277864720672e-05,0.0,0.0
mmlu-pro,0.15,13,0.01951943151652813,0.9412562132851333,2.9668437491636723e-05,0.0,0.0
mmlu-pro,0.15,14,0.019445085898041725,0.9267962042476277,3.148566611343995e-05,0.0,0.0
mmlu-pro,0.15,15,0.019473565742373466,0.9412562132851333,2.9164251827751286e-05,0.0,0.0
mmlu-pro,0.15,16,0.01952742040157318,0.9335743334839585,3.0425462682615034e-05,0.0,0.0
mmlu-pro,0.15,17,0.019452303647994995,0.9362855851784908,2.840068918885663e-05,0.0,0.0
mmlu-pro,0.15,18,0.01946122571825981,0.938093086308179,2.9062975954730064e-05,0.0,0.0
mmlu-pro,0.15,19,0.019517458975315094,0.938093086308179,2.8683138225460425e-05,0.0,0.0
mmlu-pro,0.15,20,0.019480740651488304,0.938996836873023,2.8449372621253133e-05,0.0,0.0
mmlu-pro,0.15,21,0.019454065710306168,0.9340262087663805,2.951867827505339e-05,0.0,0.0
mmlu-pro,0.15,22,0.01956234686076641,0.9263443289652057,2.992695772263687e-05,0.0,0.0
mmlu-pro,0.15,23,0.019501663744449615,0.9462268413917759,2.79635532933753e-05,0.0,0.0
mmlu-pro,0.15,24,0.019389700144529343,0.9399005874378672,2.92367949441541e-05,0.0,0.0
mmlu-pro,0.15,25,0.01950349472463131,0.946678716674198,2.8884967832709663e-05,0.0,0.0
mmlu-pro,0.15,26,0.01953236013650894,0.938093086308179,2.849514021363575e-05,0.0,0.0
mmlu-pro,0.15,27,0.019421350210905075,0.9430637144148215,2.772196057776455e-05,0.0,0.0
mmlu-pro,0.15,28,0.019517475739121437,0.9376412110257569,2.9233075110823847e-05,0.0,0.0
mmlu-pro,0.15,29,0.019464801996946335,0.9421599638499775,2.776596011244692e-05,0.0,0.0
mmlu-pro,0.15,30,0.019488630816340446,0.9358337098960687,2.930504888354335e-05,0.0,0.0
mmlu-pro,0.15,31,0.019510140642523766,0.9340262087663805,2.8703139832941815e-05,0.0,0.0
mmlu-pro,0.15,32,0.019428210332989693,0.9344780840488026,2.9654542231583036e-05,0.0,0.0
mmlu-pro,0.15,33,0.019544284790754318,0.9371893357433349,2.9234744943096302e-05,0.0,0.0
mmlu-pro,0.15,34,0.019481772556900978,0.9403524627202893,2.8474898499553092e-05,0.0,0.0
mmlu-pro,0.15,35,0.01948464848101139,0.9435155896972436,2.7239995688432828e-05,0.0,0.0
mmlu-pro,0.15,36,0.019465941935777664,0.9435155896972436,2.7915217287954874e-05,0.0,0.0
mmlu-pro,0.15,37,0.01942569389939308,0.9276999548124718,3.0313318347907625e-05,0.0,0.0
mmlu-pro,0.15,38,0.019559435546398163,0.9331224582015364,3.096201908192597e-05,0.0,0.0
mmlu-pro,0.15,39,0.019443169236183167,0.9304112065070042,2.908921305788681e-05,0.0,0.0
mmlu-pro,0.15,40,0.019508659839630127,0.9426118391323995,2.828475226124283e-05,0.0,0.0
mmlu-pro,0.15,41,0.019460877403616905,0.9326705829191143,2.938261786766816e-05,0.0,0.0
mmlu-pro,0.15,42,0.019410457462072372,0.9408043380027112,2.775876419036649e-05,0.0,0.0
mmlu-pro,0.15,43,0.019469017162919044,0.9408043380027112,2.8156093321740627e-05,0.0,0.0
mmlu-pro,0.15,44,0.019493158906698227,0.9376412110257569,2.9136483135516755e-05,0.0,0.0
mmlu-pro,0.15,45,0.019437793642282486,0.9367374604609128,2.792181658151094e-05,0.0,0.0
mmlu-pro,0.15,46,0.01937994547188282,0.947582467239042,2.721047894738149e-05,0.0,0.0
mmlu-pro,0.15,47,0.0195737574249506,0.9421599638499775,2.8358308554743417e-05,0.0,0.0
mmlu-pro,0.15,48,0.019440265372395515,0.9340262087663805,2.9725653803325258e-05,0.0,0.0
mmlu-pro,0.15,49,0.019465433433651924,0.9448712155445097,2.8727505196002312e-05,0.0,0.0
mmlu-pro,0.15,50,0.019567303359508514,0.9358337098960687,2.829573531926144e-05,0.0,0.0
mmlu-pro,0.15,51,0.01947171986103058,0.9263443289652057,2.951786882476881e-05,0.0,0.0
mmlu-pro,0.15,52,0.019519023597240448,0.9367374604609128,2.9980488761793822e-05,0.0,0.0
mmlu-pro,0.15,53,0.01958824321627617,0.9326705829191143,2.8414866392267868e-05,0.0,0.0
mmlu-pro,0.15,54,0.019427401944994926,0.9367374604609128,2.89197669189889e-05,0.0,0.0
mmlu-pro,0.15,55,0.019527742639183998,0.9322187076366923,2.996844341396354e-05,0.0,0.0
mmlu-pro,0.15,56,0.01950482837855816,0.9403524627202893,2.904130451497622e-05,0.0,0.0
mmlu-pro,0.15,57,0.019419005140662193,0.9304112065070042,2.988615960930474e-05,0.0,0.0
mmlu-pro,0.15,58,0.01943025551736355,0.9417080885675554,2.8028634915244766e-05,0.0,0.0
mmlu-pro,0.15,59,0.019503334537148476,0.947582467239042,2.748933547991328e-05,0.0,0.0
mmlu-pro,0.15,60,0.019474051892757416,0.9403524627202893,2.938424404419493e-05,0.0,0.0
mmlu-pro,0.15,61,0.019544430077075958,0.9408043380027112,2.79795585811371e-05,0.0,0.0
mmlu-pro,0.15,62,0.019456442445516586,0.9344780840488026,2.894886893045623e-05,0.0,0.0
mmlu-pro,0.15,63,0.01947595737874508,0.9493899683687302,2.7998230507364497e-05,0.0,0.0
mmlu-pro,0.15,64,0.01941695436835289,0.9376412110257569,2.9038501452305354e-05,0.0,0.0
mmlu-pro,0.15,65,0.019523179158568382,0.9421599638499775,2.8301345082581975e-05,0.0,0.0
mmlu-pro,0.15,66,0.01952618546783924,0.9276999548124718,3.06326401187107e-05,0.0,0.0
mmlu-pro,0.15,67,0.019499031826853752,0.938093086308179,2.8087351893191226e-05,0.0,0.0
mmlu-pro,0.15,68,0.01949133351445198,0.9322187076366923,3.003582423843909e-05,0.0,0.0
mmlu-pro,0.15,69,0.019438527524471283,0.9218255761409851,3.059002847294323e-05,0.0,0.0
mmlu-pro,0.15,70,0.019503002986311913,0.9426118391323995,2.7786389182438143e-05,0.0,0.0
mmlu-pro,0.15,71,0.019402729347348213,0.9371893357433349,2.8819296858273447e-05,0.0,0.0
mmlu-pro,0.15,72,0.01942271925508976,0.9376412110257569,2.7300689907860942e-05,0.0,0.0
mmlu-pro,0.15,73,0.01954413577914238,0.9276999548124718,3.092419501626864e-05,0.0,0.0
mmlu-pro,0.15,74,0.01940004527568817,0.9399005874378672,2.8348977139103226e-05,0.0,0.0
mmlu-pro,0.15,75,0.01953044906258583,0.938093086308179,2.875048630812671e-05,0.0,0.0
mmlu-pro,0.15,76,0.01953141763806343,0.9417080885675554,2.9176311727496795e-05,0.0,0.0
mmlu-pro,0.15,77,0.019497811794281006,0.947582467239042,2.9712940886383876e-05,0.0,0.0
mmlu-pro,0.15,78,0.019477464258670807,0.9335743334839585,2.8243766792002134e-05,0.0,0.0
mmlu-pro,0.15,79,0.019494149833917618,0.9313149570718482,3.045259836653713e-05,0.0,0.0
mmlu-pro,0.15,80,0.019527336582541466,0.9358337098960687,2.822991882567294e-05,0.0,0.0
mmlu-pro,0.15,81,0.01944870688021183,0.9349299593312246,2.8590789952431805e-05,0.0,0.0
mmlu-pro,0.15,82,0.01948004588484764,0.9426118391323995,3.0285589673439972e-05,0.0,0.0
mmlu-pro,0.15,83,0.019491255283355713,0.9331224582015364,2.9431756047415547e-05,0.0,0.0
mmlu-pro,0.15,84,0.019458821043372154,0.9286037053773158,3.103447306784801e-05,0.0,0.0
mmlu-pro,0.15,85,0.01947438344359398,0.9286037053773158,2.9934219128335826e-05,0.0,0.0
mmlu-pro,0.15,86,0.019480958580970764,0.9417080885675554,2.7751373636419885e-05,0.0,0.0
mmlu-pro,0.15,87,0.019403133541345596,0.9385449615906011,2.9482818717951886e-05,0.0,0.0
mmlu-pro,0.15,88,0.019406983628869057,0.9335743334839585,3.009384272445459e-05,0.0,0.0
mmlu-pro,0.15,89,0.019466690719127655,0.9353818346136467,2.975715688080527e-05,0.0,0.0
mmlu-pro,0.15,90,0.019443796947598457,0.9344780840488026,3.0187311494955793e-05,0.0,0.0
mmlu-pro,0.15,91,0.019533265382051468,0.9371893357433349,2.95816789730452e-05,0.0,0.0
mmlu-pro,0.15,92,0.019473925232887268,0.9371893357433349,2.860099084500689e-05,0.0,0.0
mmlu-pro,0.15,93,0.019318372011184692,0.9358337098960687,3.0119299481157213e-05,0.0,0.0
mmlu-pro,0.15,94,0.01946518011391163,0.9421599638499775,2.8047388695995323e-05,0.0,0.0
mmlu-pro,0.15,95,0.019470425322651863,0.9344780840488026,3.02365115203429e-05,0.0,0.0
mmlu-pro,0.15,96,0.01946713775396347,0.9353818346136467,3.0231751225073822e-05,0.0,0.0
mmlu-pro,0.15,97,0.01943221315741539,0.9362855851784908,2.7674152079271153e-05,0.0,0.0
mmlu-pro,0.15,98,0.019508494064211845,0.9322187076366923,2.887589107558597e-05,0.0,0.0
mmlu-pro,0.15,99,0.019488181918859482,0.9371893357433349,2.9290766178746708e-05,0.0,0.0
mmlu-pro,0.175,0,0.01735452562570572,0.9358337098960687,2.2947175239096396e-05,0.0,0.0
mmlu-pro,0.175,1,0.01733260788023472,0.9182105738816088,2.425057209620718e-05,0.0,0.0
mmlu-pro,0.175,2,0.0174160934984684,0.938996836873023,2.3135115043260157e-05,0.0,0.0
mmlu-pro,0.175,3,0.01729511469602585,0.9304112065070042,2.317683720320929e-05,0.0,0.0
mmlu-pro,0.175,4,0.01734868250787258,0.9317668323542703,2.3079443053575233e-05,0.0,0.0
mmlu-pro,0.175,5,0.017350010573863983,0.9331224582015364,2.275050246680621e-05,0.0,0.0
mmlu-pro,0.175,6,0.017282474786043167,0.9385449615906011,2.206410681537818e-05,0.0,0.0
mmlu-pro,0.175,7,0.01733569987118244,0.9399005874378672,2.174281507905107e-05,0.0,0.0
mmlu-pro,0.175,8,0.017406657338142395,0.9236330772706733,2.4591057808720507e-05,0.0,0.0
mmlu-pro,0.175,9,0.017409902065992355,0.9340262087663805,2.480508373992052e-05,0.0,0.0
mmlu-pro,0.175,10,0.017354656010866165,0.9326705829191143,2.2854093913338147e-05,0.0,0.0
mmlu-pro,0.175,11,0.017421545460820198,0.9371893357433349,2.444623169139959e-05,0.0,0.0
mmlu-pro,0.175,12,0.017326045781373978,0.9263443289652057,2.4192062483052723e-05,0.0,0.0
mmlu-pro,0.175,13,0.01739395782351494,0.9322187076366923,2.376502197876107e-05,0.0,0.0
mmlu-pro,0.175,14,0.01733379252254963,0.9222774514234072,2.531368772906717e-05,0.0,0.0
mmlu-pro,0.175,15,0.01735440455377102,0.9308630817894261,2.3887552742962725e-05,0.0,0.0
mmlu-pro,0.175,16,0.017392387613654137,0.9281518300948939,2.4912482331274077e-05,0.0,0.0
mmlu-pro,0.175,17,0.017336715012788773,0.9308630817894261,2.325863351870794e-05,0.0,0.0
mmlu-pro,0.175,18,0.017344584688544273,0.9353818346136467,2.3134411094360985e-05,0.0,0.0
mmlu-pro,0.175,19,0.017386969178915024,0.9358337098960687,2.361760925850831e-05,0.0,0.0
mmlu-pro,0.175,20,0.017358046025037766,0.92950745594216,2.3161714125308208e-05,0.0,0.0
mmlu-pro,0.175,21,0.017330138012766838,0.9349299593312246,2.4284201572299935e-05,0.0,0.0
mmlu-pro,0.175,22,0.01742611825466156,0.9227293267058292,2.409917397017125e-05,0.0,0.0
mmlu-pro,0.175,23,0.017387663945555687,0.9376412110257569,2.267747731821146e-05,0.0,0.0
mmlu-pro,0.175,24,0.017283963039517403,0.938093086308179,2.3665172193432227e-05,0.0,0.0
mmlu-pro,0.175,25,0.017378700897097588,0.9430637144148215,2.3573073121951893e-05,0.0,0.0
mmlu-pro,0.175,26,0.01739818975329399,0.9286037053773158,2.3962429622770287e-05,0.0,0.0
mmlu-pro,0.175,27,0.017314748838543892,0.9394487121554451,2.2191754396772012e-05,0.0,0.0
mmlu-pro,0.175,28,0.01738637313246727,0.9340262087663805,2.3397687982651405e-05,0.0,0.0
mmlu-pro,0.175,29,0.017345769330859184,0.9340262087663805,2.2262687707552686e-05,0.0,0.0
mmlu-pro,0.175,30,0.017366748303174973,0.9335743334839585,2.4138933440553956e-05,0.0,0.0
mmlu-pro,0.175,31,0.017382265999913216,0.9367374604609128,2.3171065549831837e-05,0.0,0.0
mmlu-pro,0.175,32,0.01731976680457592,0.9281518300948939,2.358713754802011e-05,0.0,0.0
mmlu-pro,0.175,33,0.01740526780486107,0.9344780840488026,2.3216345653054304e-05,0.0,0.0
mmlu-pro,0.175,34,0.017357338219881058,0.9435155896972436,2.319839404663071e-05,0.0,0.0
mmlu-pro,0.175,35,0.01738150045275688,0.938996836873023,2.186392703151796e-05,0.0,0.0
mmlu-pro,0.175,36,0.017344260588288307,0.9344780840488026,2.2769054339732975e-05,0.0,0.0
mmlu-pro,0.175,37,0.01730942726135254,0.9195661997288749,2.4602008124929853e-05,0.0,0.0
mmlu-pro,0.175,38,0.017422575503587723,0.9349299593312246,2.446174039505422e-05,0.0,0.0
mmlu-pro,0.175,39,0.01731320470571518,0.9258924536827836,2.350431532249786e-05,0.0,0.0
mmlu-pro,0.175,40,0.017382090911269188,0.9335743334839585,2.301757012901362e-05,0.0,0.0
mmlu-pro,0.175,41,0.017347607761621475,0.92950745594216,2.4081989977275953e-05,0.0,0.0
mmlu-pro,0.175,42,0.01729271002113819,0.9353818346136467,2.183749711548444e-05,0.0,0.0
mmlu-pro,0.175,43,0.017351489514112473,0.9376412110257569,2.231919097539503e-05,0.0,0.0
mmlu-pro,0.175,44,0.017373139038681984,0.9276999548124718,2.3875772967585362e-05,0.0,0.0
mmlu-pro,0.175,45,0.017336905002593994,0.9322187076366923,2.294197656738106e-05,0.0,0.0
mmlu-pro,0.175,46,0.017260201275348663,0.9439674649796657,2.210064667451661e-05,0.0,0.0
mmlu-pro,0.175,47,0.017450710758566856,0.9304112065070042,2.3484024495701306e-05,0.0,0.0
mmlu-pro,0.175,48,0.017333105206489563,0.9281518300948939,2.358108395128511e-05,0.0,0.0
mmlu-pro,0.175,49,0.01735168695449829,0.9344780840488026,2.3556920496048406e-05,0.0,0.0
mmlu-pro,0.175,50,0.017424602061510086,0.9245368278355174,2.302432585565839e-05,0.0,0.0
mmlu-pro,0.175,51,0.017342010512948036,0.920921825576141,2.4298720745719038e-05,0.0,0.0
mmlu-pro,0.175,52,0.01738995499908924,0.9317668323542703,2.4330554879270494e-05,0.0,0.0
mmlu-pro,0.175,53,0.017451828345656395,0.9308630817894261,2.3118758690543473e-05,0.0,0.0
mmlu-pro,0.175,54,0.01731591485440731,0.9326705829191143,2.274445432703942e-05,0.0,0.0
mmlu-pro,0.175,55,0.017395231872797012,0.9249887031179395,2.480461807863321e-05,0.0,0.0
mmlu-pro,0.175,56,0.017383797094225883,0.9317668323542703,2.357406083319802e-05,0.0,0.0
mmlu-pro,0.175,57,0.01732623390853405,0.9254405784003615,2.4240946004283614e-05,0.0,0.0
mmlu-pro,0.175,58,0.017327789217233658,0.9362855851784908,2.249233511975035e-05,0.0,0.0
mmlu-pro,0.175,59,0.017380403354763985,0.9408043380027112,2.2244757929001935e-05,0.0,0.0
mmlu-pro,0.175,60,0.01736777275800705,0.9358337098960687,2.3453803805750795e-05,0.0,0.0
mmlu-pro,0.175,61,0.017412977293133736,0.9426118391323995,2.2226822693482973e-05,0.0,0.0
mmlu-pro,0.175,62,0.017355073243379593,0.9344780840488026,2.3509724996984005e-05,0.0,0.0
mmlu-pro,0.175,63,0.01735859550535679,0.9453230908269318,2.268036041641608e-05,0.0,0.0
mmlu-pro,0.175,64,0.017301585525274277,0.9358337098960687,2.358454185014125e-05,0.0,0.0
mmlu-pro,0.175,65,0.017388220876455307,0.9322187076366923,2.2520376660395414e-05,0.0,0.0
mmlu-pro,0.175,66,0.017396777868270874,0.9182105738816088,2.5184350306517445e-05,0.0,0.0
mmlu-pro,0.175,67,0.017376938834786415,0.9417080885675554,2.2942744180909358e-05,0.0,0.0
mmlu-pro,0.175,68,0.01736796647310257,0.9313149570718482,2.370370930293575e-05,0.0,0.0
mmlu-pro,0.175,69,0.0173238143324852,0.9222774514234072,2.4289071006933227e-05,0.0,0.0
mmlu-pro,0.175,70,0.01738489791750908,0.938093086308179,2.2736245227861218e-05,0.0,0.0
mmlu-pro,0.175,71,0.017289655283093452,0.9322187076366923,2.400086486886721e-05,0.0,0.0
mmlu-pro,0.175,72,0.01731622964143753,0.9349299593312246,2.233171289844904e-05,0.0,0.0
mmlu-pro,0.175,73,0.017407068982720375,0.9218255761409851,2.498069079592824e-05,0.0,0.0
mmlu-pro,0.175,74,0.017289554700255394,0.92950745594216,2.3130072804633528e-05,0.0,0.0
mmlu-pro,0.175,75,0.017414601519703865,0.9322187076366923,2.3323593268287368e-05,0.0,0.0
mmlu-pro,0.175,76,0.01739567145705223,0.9331224582015364,2.4272545488202013e-05,0.0,0.0
mmlu-pro,0.175,77,0.017381243407726288,0.9421599638499775,2.379862780799158e-05,0.0,0.0
mmlu-pro,0.175,78,0.017351100221276283,0.9322187076366923,2.332402982574422e-05,0.0,0.0
mmlu-pro,0.175,79,0.01738477498292923,0.92950745594216,2.458894596202299e-05,0.0,0.0
mmlu-pro,0.175,80,0.017389100044965744,0.9317668323542703,2.3161970602814108e-05,0.0,0.0
mmlu-pro,0.175,81,0.01732473634183407,0.9326705829191143,2.3454485926777124e-05,0.0,0.0
mmlu-pro,0.175,82,0.017367422580718994,0.9313149570718482,2.4597971787443385e-05,0.0,0.0
mmlu-pro,0.175,83,0.01737583987414837,0.9331224582015364,2.3222146410262212e-05,0.0,0.0
mmlu-pro,0.175,84,0.017342036589980125,0.9236330772706733,2.5005143470480107e-05,0.0,0.0
mmlu-pro,0.175,85,0.01735810935497284,0.9186624491640307,2.4629340259707533e-05,0.0,0.0
mmlu-pro,0.175,86,0.01735650934278965,0.9371893357433349,2.232484803244006e-05,0.0,0.0
mmlu-pro,0.175,87,0.017287779599428177,0.9272480795300497,2.3410268113366328e-05,0.0,0.0
mmlu-pro,0.175,88,0.01730417087674141,0.9281518300948939,2.4292410671478137e-05,0.0,0.0
mmlu-pro,0.175,89,0.017348160967230797,0.9304112065070042,2.3767819584463723e-05,0.0,0.0
mmlu-pro,0.175,90,0.017322756350040436,0.9263443289652057,2.4277769625768997e-05,0.0,0.0
mmlu-pro,0.175,91,0.017415756359696388,0.9371893357433349,2.3292042897082865e-05,0.0,0.0
mmlu-pro,0.175,92,0.01735292375087738,0.9322187076366923,2.287794450239744e-05,0.0,0.0
mmlu-pro,0.175,93,0.017244357615709305,0.9281518300948939,2.417341966065578e-05,0.0,0.0
mmlu-pro,0.175,94,0.017330177128314972,0.9349299593312246,2.253254751849454e-05,0.0,0.0
mmlu-pro,0.175,95,0.01735737919807434,0.9322187076366923,2.4040977223194204e-05,0.0,0.0
mmlu-pro,0.175,96,0.017345130443572998,0.9317668323542703,2.4328011932084337e-05,0.0,0.0
mmlu-pro,0.175,97,0.017330236732959747,0.9371893357433349,2.2582591554964893e-05,0.0,0.0
mmlu-pro,0.175,98,0.017384231090545654,0.9286037053773158,2.3741225959383883e-05,0.0,0.0
mmlu-pro,0.175,99,0.01735636778175831,0.9263443289652057,2.375884650973603e-05,0.0,0.0
mmlu-pro,0.2,0,0.01564924791455269,0.9304112065070042,1.9507933757267892e-05,0.0,0.0
mmlu-pro,0.2,1,0.01562184002250433,0.9154993221870764,1.9922075807699002e-05,0.0,0.0
mmlu-pro,0.2,2,0.015688661485910416,0.9299593312245821,1.9457391317700967e-05,0.0,0.0
mmlu-pro,0.2,3,0.0156016256660223,0.9258924536827836,1.8971848476212472e-05,0.0,0.0
mmlu-pro,0.2,4,0.01564389280974865,0.9249887031179395,1.9049279217142612e-05,0.0,0.0
mmlu-pro,0.2,5,0.015643946826457977,0.9236330772706733,1.9098444681731053e-05,0.0,0.0
mmlu-pro,0.2,6,0.015581580810248852,0.9335743334839585,1.8237311451230198e-05,0.0,0.0
mmlu-pro,0.2,7,0.01562664657831192,0.9371893357433349,1.8039845599560067e-05,0.0,0.0
mmlu-pro,0.2,8,0.01569027453660965,0.9218255761409851,2.061468876490835e-05,0.0,0.0
mmlu-pro,0.2,9,0.015696920454502106,0.9173068233167646,2.07457833312219e-05,0.0,0.0
mmlu-pro,0.2,10,0.01563275046646595,0.9281518300948939,1.901116775115952e-05,0.0,0.0
mmlu-pro,0.2,11,0.015700574964284897,0.9258924536827836,2.0495319404290058e-05,0.0,0.0
mmlu-pro,0.2,12,0.015617890283465385,0.9195661997288749,2.023477281909436e-05,0.0,0.0
mmlu-pro,0.2,13,0.015672260895371437,0.9308630817894261,1.967979369510431e-05,0.0,0.0
mmlu-pro,0.2,14,0.015624530613422394,0.9177586985991867,2.1121186364325695e-05,0.0,0.0
mmlu-pro,0.2,15,0.015657475218176842,0.9249887031179395,1.9789464204222895e-05,0.0,0.0
mmlu-pro,0.2,16,0.015675432980060577,0.9204699502937189,2.0860135919065215e-05,0.0,0.0
mmlu-pro,0.2,17,0.01563914865255356,0.9263443289652057,1.9465669538476504e-05,0.0,0.0
mmlu-pro,0.2,18,0.0156373493373394,0.9286037053773158,1.9218809029553086e-05,0.0,0.0
mmlu-pro,0.2,19,0.015681453049182892,0.9286037053773158,1.952714956132695e-05,0.0,0.0
mmlu-pro,0.2,20,0.01564447209239006,0.9227293267058292,1.936613261932507e-05,0.0,0.0
mmlu-pro,0.2,21,0.015623116865754128,0.9290555806597379,2.0189545466564596e-05,0.0,0.0
mmlu-pro,0.2,22,0.015711002051830292,0.9191143244464528,2.0554060029098764e-05,0.0,0.0
mmlu-pro,0.2,23,0.01567196100950241,0.9299593312245821,1.930283360707108e-05,0.0,0.0
mmlu-pro,0.2,24,0.015581334941089153,0.9258924536827836,1.9651524780783802e-05,0.0,0.0
mmlu-pro,0.2,25,0.01567274145781994,0.9231812019882513,1.9887311282218434e-05,0.0,0.0
mmlu-pro,0.2,26,0.015684200450778008,0.9173068233167646,2.044793109234888e-05,0.0,0.0
mmlu-pro,0.2,27,0.015607600100338459,0.9331224582015364,1.8498929421184584e-05,0.0,0.0
mmlu-pro,0.2,28,0.015669532120227814,0.9249887031179395,1.968030665011611e-05,0.0,0.0
mmlu-pro,0.2,29,0.01564175821840763,0.9322187076366923,1.8893779270001687e-05,0.0,0.0
mmlu-pro,0.2,30,0.015649307519197464,0.9231812019882513,2.041716652456671e-05,0.0,0.0
mmlu-pro,0.2,31,0.015664655715227127,0.9286037053773158,1.915736538649071e-05,0.0,0.0
mmlu-pro,0.2,32,0.0156166423112154,0.9191143244464528,1.9875524230883457e-05,0.0,0.0
mmlu-pro,0.2,33,0.015684422105550766,0.9281518300948939,1.9489965779939666e-05,0.0,0.0
mmlu-pro,0.2,34,0.015644609928131104,0.9313149570718482,1.935751424753107e-05,0.0,0.0
mmlu-pro,0.2,35,0.015661977231502533,0.9299593312245821,1.822381091187708e-05,0.0,0.0
mmlu-pro,0.2,36,0.01563958264887333,0.9240849525530954,1.9076678654528223e-05,0.0,0.0
mmlu-pro,0.2,37,0.015610228292644024,0.9150474469046543,2.0390472855069675e-05,0.0,0.0
mmlu-pro,0.2,38,0.015703754499554634,0.9227293267058292,2.0803568986593746e-05,0.0,0.0
mmlu-pro,0.2,39,0.015608999878168106,0.920018075011297,1.9512999642756768e-05,0.0,0.0
mmlu-pro,0.2,40,0.015673000365495682,0.9272480795300497,1.8988906958838925e-05,0.0,0.0
mmlu-pro,0.2,41,0.015649694949388504,0.9191143244464528,2.0056089852005243e-05,0.0,0.0
mmlu-pro,0.2,42,0.0155912721529603,0.9344780840488026,1.849386899266392e-05,0.0,0.0
mmlu-pro,0.2,43,0.01564432680606842,0.9236330772706733,1.894396700663492e-05,0.0,0.0
mmlu-pro,0.2,44,0.015664752572774887,0.9182105738816088,1.9644045096356422e-05,0.0,0.0
mmlu-pro,0.2,45,0.015623416751623154,0.9222774514234072,1.928675192175433e-05,0.0,0.0
mmlu-pro,0.2,46,0.015559520572423935,0.9317668323542703,1.8917811758001335e-05,0.0,0.0
mmlu-pro,0.2,47,0.01573256216943264,0.9281518300948939,1.968954711628612e-05,0.0,0.0
mmlu-pro,0.2,48,0.015619587153196335,0.9186624491640307,1.962227361218538e-05,0.0,0.0
mmlu-pro,0.2,49,0.015659106895327568,0.9358337098960687,1.952652382897213e-05,0.0,0.0
mmlu-pro,0.2,50,0.015703193843364716,0.9231812019882513,1.9455297660897486e-05,0.0,0.0
mmlu-pro,0.2,51,0.01563054695725441,0.9177586985991867,1.94489439309109e-05,0.0,0.0
mmlu-pro,0.2,52,0.015673520043492317,0.9308630817894261,2.010322714340873e-05,0.0,0.0
mmlu-pro,0.2,53,0.01572846807539463,0.9191143244464528,1.896794856293127e-05,0.0,0.0
mmlu-pro,0.2,54,0.015619445592164993,0.9263443289652057,1.899974449770525e-05,0.0,0.0
mmlu-pro,0.2,55,0.015670737251639366,0.9182105738816088,2.040163781202864e-05,0.0,0.0
mmlu-pro,0.2,56,0.01566772162914276,0.9227293267058292,1.9537710613803938e-05,0.0,0.0
mmlu-pro,0.2,57,0.0156148262321949,0.9159511974694985,2.0291245164116845e-05,0.0,0.0
mmlu-pro,0.2,58,0.015637574717402458,0.9344780840488026,1.8524107872508466e-05,0.0,0.0
mmlu-pro,0.2,59,0.015656402334570885,0.9326705829191143,1.8644941519596614e-05,0.0,0.0
mmlu-pro,0.2,60,0.015657640993595123,0.9245368278355174,1.9646417058538646e-05,0.0,0.0
mmlu-pro,0.2,61,0.015695031732320786,0.9281518300948939,1.850434455263894e-05,0.0,0.0
mmlu-pro,0.2,62,0.01564894989132881,0.9286037053773158,1.966818126675207e-05,0.0,0.0
mmlu-pro,0.2,63,0.015639446675777435,0.9371893357433349,1.8738994185696356e-05,0.0,0.0
mmlu-pro,0.2,64,0.01559998095035553,0.9276999548124718,1.9699074982781895e-05,0.0,0.0
mmlu-pro,0.2,65,0.01567026600241661,0.9231812019882513,1.881094794953242e-05,0.0,0.0
mmlu-pro,0.2,66,0.015675915405154228,0.912336195210122,2.081327693304047e-05,0.0,0.0
mmlu-pro,0.2,67,0.015669455751776695,0.9344780840488026,1.9080014681094326e-05,0.0,0.0
mmlu-pro,0.2,68,0.01566256955265999,0.9240849525530954,2.0348137695691548e-05,0.0,0.0
mmlu-pro,0.2,69,0.01561771985143423,0.9105286940804338,2.0113811842747964e-05,0.0,0.0
mmlu-pro,0.2,70,0.01566554792225361,0.9272480795300497,1.912197876663413e-05,0.0,0.0
mmlu-pro,0.2,71,0.015591727569699287,0.9245368278355174,2.0104485884075984e-05,0.0,0.0
mmlu-pro,0.2,72,0.015613202005624771,0.9286037053773158,1.8577115042717196e-05,0.0,0.0
mmlu-pro,0.2,73,0.01569180190563202,0.9173068233167646,2.0771547497133724e-05,0.0,0.0
mmlu-pro,0.2,74,0.015593077056109905,0.9236330772706733,1.9322180378367193e-05,0.0,0.0
mmlu-pro,0.2,75,0.01568431779742241,0.9263443289652057,1.9611577954492532e-05,0.0,0.0
mmlu-pro,0.2,76,0.01568329706788063,0.9317668323542703,1.985401650017593e-05,0.0,0.0
mmlu-pro,0.2,77,0.015674946829676628,0.9367374604609128,1.995700404222589e-05,0.0,0.0
mmlu-pro,0.2,78,0.015642637386918068,0.9204699502937189,1.9684050130308606e-05,0.0,0.0
mmlu-pro,0.2,79,0.015675846487283707,0.9159511974694985,2.0230645532137714e-05,0.0,0.0
mmlu-pro,0.2,80,0.01567031815648079,0.9263443289652057,1.9967979824286886e-05,0.0,0.0
mmlu-pro,0.2,81,0.015615482814610004,0.9254405784003615,1.929977224790491e-05,0.0,0.0
mmlu-pro,0.2,82,0.015657754614949226,0.9254405784003615,2.0215693439240567e-05,0.0,0.0
mmlu-pro,0.2,83,0.015668528154492378,0.9281518300948939,1.9419756426941603e-05,0.0,0.0
mmlu-pro,0.2,84,0.015627894550561905,0.9150474469046543,2.062474231934175e-05,0.0,0.0
mmlu-pro,0.2,85,0.015652569010853767,0.9177586985991867,2.0314422727096826e-05,0.0,0.0
mmlu-pro,0.2,86,0.01564756967127323,0.9344780840488026,1.8514007024350576e-05,0.0,0.0
mmlu-pro,0.2,87,0.015597270801663399,0.9304112065070042,1.9153652829118073e-05,0.0,0.0
mmlu-pro,0.2,88,0.015591668896377087,0.9168549480343425,2.0123832655372098e-05,0.0,0.0
mmlu-pro,0.2,89,0.01564750261604786,0.9258924536827836,1.9791115846601315e-05,0.0,0.0
mmlu-pro,0.2,90,0.015614050440490246,0.9227293267058292,1.975023769773543e-05,0.0,0.0
mmlu-pro,0.2,91,0.015696967020630836,0.9304112065070042,1.936054104589857e-05,0.0,0.0
mmlu-pro,0.2,92,0.01565646566450596,0.9258924536827836,1.9152801542077214e-05,0.0,0.0
mmlu-pro,0.2,93,0.015547559596598148,0.9218255761409851,2.0342878997325897e-05,0.0,0.0
mmlu-pro,0.2,94,0.01562683656811714,0.9218255761409851,1.910208084154874e-05,0.0,0.0
mmlu-pro,0.2,95,0.015656637027859688,0.9240849525530954,1.9693497961270623e-05,0.0,0.0
mmlu-pro,0.2,96,0.01564355008304119,0.9286037053773158,2.0044875782332383e-05,0.0,0.0
mmlu-pro,0.2,97,0.01562737673521042,0.9263443289652057,1.8794144125422463e-05,0.0,0.0
mmlu-pro,0.2,98,0.015659848228096962,0.9182105738816088,1.9545146642485633e-05,0.0,0.0
mmlu-pro,0.2,99,0.015638401731848717,0.9236330772706733,1.9812261598417535e-05,0.0,0.0
mmlu-pro,0.225,0,0.014229420572519302,0.9213737008585631,1.670028177613858e-05,0.0,0.0
mmlu-pro,0.225,1,0.014204523526132107,0.9127880704925441,1.7405169273843057e-05,0.0,0.0
mmlu-pro,0.225,2,0.014255059882998466,0.9177586985991867,1.6886375306057744e-05,0.0,0.0
mmlu-pro,0.225,3,0.014186523854732513,0.9182105738816088,1.6261348719126545e-05,0.0,0.0
mmlu-pro,0.225,4,0.01421276293694973,0.9159511974694985,1.619898284843657e-05,0.0,0.0
mmlu-pro,0.225,5,0.014211064204573631,0.9154993221870764,1.618687565496657e-05,0.0,0.0
mmlu-pro,0.225,6,0.014154077507555485,0.9236330772706733,1.565682396176271e-05,0.0,0.0
mmlu-pro,0.225,7,0.014190539717674255,0.9276999548124718,1.5790203178767115e-05,0.0,0.0
mmlu-pro,0.225,8,0.014261779375374317,0.9105286940804338,1.7770267731975764e-05,0.0,0.0
mmlu-pro,0.225,9,0.014257093891501427,0.9073655671034795,1.7628981368034147e-05,0.0,0.0
mmlu-pro,0.225,10,0.014204476028680801,0.912336195210122,1.6581276213400997e-05,0.0,0.0
mmlu-pro,0.225,11,0.014268899336457253,0.9173068233167646,1.7328353351331316e-05,0.0,0.0
mmlu-pro,0.225,12,0.014185260981321335,0.9042024401265251,1.731034353724681e-05,0.0,0.0
mmlu-pro,0.225,13,0.014237206429243088,0.9164030727519205,1.6578685972490348e-05,0.0,0.0
mmlu-pro,0.225,14,0.014201012440025806,0.9118843199277,1.7791058780858293e-05,0.0,0.0
mmlu-pro,0.225,15,0.014223214238882065,0.9159511974694985,1.66651007020846e-05,0.0,0.0
mmlu-pro,0.225,16,0.014248304069042206,0.9127880704925441,1.744615838106256e-05,0.0,0.0
mmlu-pro,0.225,17,0.014214185997843742,0.920018075011297,1.611719562788494e-05,0.0,0.0
mmlu-pro,0.225,18,0.014218898490071297,0.9222774514234072,1.630892074899748e-05,0.0,0.0
mmlu-pro,0.225,19,0.01425284706056118,0.9218255761409851,1.6707266695448197e-05,0.0,0.0
mmlu-pro,0.225,20,0.014203998260200024,0.9141436963398103,1.6668827811372466e-05,0.0,0.0
mmlu-pro,0.225,21,0.014200528152287006,0.9195661997288749,1.6743781088734977e-05,0.0,0.0
mmlu-pro,0.225,22,0.014277810230851173,0.9087211929507456,1.745712143019773e-05,0.0,0.0
mmlu-pro,0.225,23,0.014250018633902073,0.9258924536827836,1.6168685760931112e-05,0.0,0.0
mmlu-pro,0.225,24,0.014154484495520592,0.9204699502937189,1.6978432540781796e-05,0.0,0.0
mmlu-pro,0.225,25,0.01423630304634571,0.9164030727519205,1.677988257142715e-05,0.0,0.0
mmlu-pro,0.225,26,0.014254961162805557,0.9064618165386353,1.754998811520636e-05,0.0,0.0
mmlu-pro,0.225,27,0.014201298356056213,0.9227293267058292,1.6179121303139254e-05,0.0,0.0
mmlu-pro,0.225,28,0.014242080971598625,0.9145955716222323,1.6500729543622583e-05,0.0,0.0
mmlu-pro,0.225,29,0.014218846336007118,0.9218255761409851,1.6510250134160742e-05,0.0,0.0
mmlu-pro,0.225,30,0.014221882447600365,0.9127880704925441,1.7494545318186283e-05,0.0,0.0
mmlu-pro,0.225,31,0.014235594309866428,0.9186624491640307,1.6408761439379305e-05,0.0,0.0
mmlu-pro,0.225,32,0.01419367827475071,0.9023949389968369,1.683642949501518e-05,0.0,0.0
mmlu-pro,0.225,33,0.014246057718992233,0.920018075011297,1.652516220929101e-05,0.0,0.0
mmlu-pro,0.225,34,0.014212061651051044,0.9191143244464528,1.644576150283683e-05,0.0,0.0
mmlu-pro,0.225,35,0.014227188192307949,0.9276999548124718,1.5473620806005783e-05,0.0,0.0
mmlu-pro,0.225,36,0.014218929223716259,0.9118843199277,1.631618943065405e-05,0.0,0.0
mmlu-pro,0.225,37,0.014188027009367943,0.9105286940804338,1.68872757058125e-05,0.0,0.0
mmlu-pro,0.225,38,0.014263871125876904,0.9154993221870764,1.746724774420727e-05,0.0,0.0
mmlu-pro,0.225,39,0.014197899959981441,0.9132399457749661,1.6524265447515063e-05,0.0,0.0
mmlu-pro,0.225,40,0.014235762879252434,0.920018075011297,1.5791425539646298e-05,0.0,0.0
mmlu-pro,0.225,41,0.014219056814908981,0.9177586985991867,1.688022712187376e-05,0.0,0.0
mmlu-pro,0.225,42,0.01417604461312294,0.9222774514234072,1.5527240975643508e-05,0.0,0.0
mmlu-pro,0.225,43,0.014223739504814148,0.9141436963398103,1.588059421919752e-05,0.0,0.0
mmlu-pro,0.225,44,0.014244994148612022,0.9136918210573882,1.6858941307873465e-05,0.0,0.0
mmlu-pro,0.225,45,0.014199638739228249,0.9145955716222323,1.6778869394329377e-05,0.0,0.0
mmlu-pro,0.225,46,0.014149414375424385,0.9236330772706733,1.6132813470903784e-05,0.0,0.0
mmlu-pro,0.225,47,0.014284943230450153,0.9159511974694985,1.6904668882489204e-05,0.0,0.0
mmlu-pro,0.225,48,0.014193057082593441,0.9082693176683235,1.680056629993487e-05,0.0,0.0
mmlu-pro,0.225,49,0.014228389598429203,0.920018075011297,1.651301863603294e-05,0.0,0.0
mmlu-pro,0.225,50,0.014269191771745682,0.9136918210573882,1.661688474996481e-05,0.0,0.0
mmlu-pro,0.225,51,0.01420622318983078,0.9096249435155898,1.6638077795505524e-05,0.0,0.0
mmlu-pro,0.225,52,0.014239262789487839,0.9191143244464528,1.7194886822835542e-05,0.0,0.0
mmlu-pro,0.225,53,0.014289790764451027,0.9204699502937189,1.597511800355278e-05,0.0,0.0
mmlu-pro,0.225,54,0.014199648052453995,0.9164030727519205,1.604845601832494e-05,0.0,0.0
mmlu-pro,0.225,55,0.014233431778848171,0.9109805693628559,1.7005606423481368e-05,0.0,0.0
mmlu-pro,0.225,56,0.014238137751817703,0.9168549480343425,1.641303788346704e-05,0.0,0.0
mmlu-pro,0.225,57,0.0141939427703619,0.9051061906913692,1.7258278603549115e-05,0.0,0.0
mmlu-pro,0.225,58,0.014202017337083817,0.920921825576141,1.5984276615199633e-05,0.0,0.0
mmlu-pro,0.225,59,0.014219882898032665,0.9272480795300497,1.5480396541533992e-05,0.0,0.0
mmlu-pro,0.225,60,0.014223788864910603,0.9191143244464528,1.638523281144444e-05,0.0,0.0
mmlu-pro,0.225,61,0.014265310019254684,0.9236330772706733,1.566478567838203e-05,0.0,0.0
mmlu-pro,0.225,62,0.01421176828444004,0.9177586985991867,1.6992313248920254e-05,0.0,0.0
mmlu-pro,0.225,63,0.014206129126250744,0.9276999548124718,1.6146936104632914e-05,0.0,0.0
mmlu-pro,0.225,64,0.014169755391776562,0.9141436963398103,1.6509142369613983e-05,0.0,0.0
mmlu-pro,0.225,65,0.014242463745176792,0.9177586985991867,1.6327086996170692e-05,0.0,0.0
mmlu-pro,0.225,66,0.01424164418131113,0.9023949389968369,1.7641095837461762e-05,0.0,0.0
mmlu-pro,0.225,67,0.014233739115297794,0.9213737008585631,1.646428063395433e-05,0.0,0.0
mmlu-pro,0.225,68,0.014234530739486217,0.9150474469046543,1.7165295503218658e-05,0.0,0.0
mmlu-pro,0.225,69,0.01419817190617323,0.9060099412562134,1.6754429452703334e-05,0.0,0.0
mmlu-pro,0.225,70,0.014240086078643799,0.9281518300948939,1.6368661817978136e-05,0.0,0.0
mmlu-pro,0.225,71,0.014180825091898441,0.9141436963398103,1.6923035218496807e-05,0.0,0.0
mmlu-pro,0.225,72,0.014192378148436546,0.920921825576141,1.5412721040775068e-05,0.0,0.0
mmlu-pro,0.225,73,0.0142514668405056,0.9019430637144149,1.7874255718197674e-05,0.0,0.0
mmlu-pro,0.225,74,0.014170699752867222,0.9145955716222323,1.6668989701429382e-05,0.0,0.0
mmlu-pro,0.225,75,0.014239498414099216,0.920921825576141,1.660425004956778e-05,0.0,0.0
mmlu-pro,0.225,76,0.014242986217141151,0.9204699502937189,1.700395660009235e-05,0.0,0.0
mmlu-pro,0.225,77,0.014248795807361603,0.9272480795300497,1.697575135040097e-05,0.0,0.0
mmlu-pro,0.225,78,0.014221335761249065,0.9145955716222323,1.6699666957720183e-05,0.0,0.0
mmlu-pro,0.225,79,0.01423859503120184,0.9100768187980118,1.7227575881406665e-05,0.0,0.0
mmlu-pro,0.225,80,0.014235715381801128,0.9182105738816088,1.7010308511089534e-05,0.0,0.0
mmlu-pro,0.225,81,0.01419435441493988,0.9154993221870764,1.6241217963397503e-05,0.0,0.0
mmlu-pro,0.225,82,0.014248918741941452,0.9222774514234072,1.712862831482198e-05,0.0,0.0
mmlu-pro,0.225,83,0.014240579679608345,0.9173068233167646,1.6631363905617036e-05,0.0,0.0
mmlu-pro,0.225,84,0.014195546507835388,0.9105286940804338,1.7466307326685637e-05,0.0,0.0
mmlu-pro,0.225,85,0.014222852885723114,0.9078174423859016,1.7258213119930588e-05,0.0,0.0
mmlu-pro,0.225,86,0.014216717332601547,0.9213737008585631,1.58504717546748e-05,0.0,0.0
mmlu-pro,0.225,87,0.014169304631650448,0.9254405784003615,1.654565494391136e-05,0.0,0.0
mmlu-pro,0.225,88,0.01417782437056303,0.9127880704925441,1.6958876585704274e-05,0.0,0.0
mmlu-pro,0.225,89,0.014218783006072044,0.9204699502937189,1.6788781067589298e-05,0.0,0.0
mmlu-pro,0.225,90,0.014170984737575054,0.9096249435155898,1.677364343777299e-05,0.0,0.0
mmlu-pro,0.225,91,0.01426866464316845,0.9218255761409851,1.6325409887940623e-05,0.0,0.0
mmlu-pro,0.225,92,0.014228873886168003,0.9182105738816088,1.6358735592802987e-05,0.0,0.0
mmlu-pro,0.225,93,0.014143373817205429,0.9105286940804338,1.7768832549336366e-05,0.0,0.0
mmlu-pro,0.225,94,0.0141935795545578,0.9145955716222323,1.6340109141310677e-05,0.0,0.0
mmlu-pro,0.225,95,0.014239666052162647,0.9204699502937189,1.6878968381206505e-05,0.0,0.0
mmlu-pro,0.225,96,0.014220834709703922,0.9177586985991867,1.687062467681244e-05,0.0,0.0
mmlu-pro,0.225,97,0.014210822992026806,0.9222774514234072,1.5981539036147296e-05,0.0,0.0
mmlu-pro,0.225,98,0.014236227609217167,0.9082693176683235,1.692145633569453e-05,0.0,0.0
mmlu-pro,0.225,99,0.014220359735190868,0.9159511974694985,1.7082234990084544e-05,0.0,0.0
mmlu-pro,0.25,0,0.012998665682971478,0.9001355625847266,1.464390334149357e-05,0.0,0.0
mmlu-pro,0.25,1,0.012984897941350937,0.9001355625847266,1.5087149222381413e-05,0.0,0.0
mmlu-pro,0.25,2,0.013021400198340416,0.9064618165386353,1.4488136912405025e-05,0.0,0.0
mmlu-pro,0.25,3,0.012969261035323143,0.9019430637144149,1.4316150554805063e-05,0.0,0.0
mmlu-pro,0.25,4,0.012982312589883804,0.9096249435155898,1.4084213034948334e-05,0.0,0.0
mmlu-pro,0.25,5,0.012982022948563099,0.9055580659737913,1.4010423001309391e-05,0.0,0.0
mmlu-pro,0.25,6,0.01293437834829092,0.9069136918210574,1.3533325727621559e-05,0.0,0.0
mmlu-pro,0.25,7,0.01295896340161562,0.9177586985991867,1.3605141248262953e-05,0.0,0.0
mmlu-pro,0.25,8,0.013029109686613083,0.8969724356077723,1.5382800484076142e-05,0.0,0.0
mmlu-pro,0.25,9,0.013034449890255928,0.8969724356077723,1.546828934806399e-05,0.0,0.0
mmlu-pro,0.25,10,0.012982090935111046,0.9060099412562134,1.4118860235612374e-05,0.0,0.0
mmlu-pro,0.25,11,0.013035284355282784,0.911432444645278,1.4639164874097332e-05,0.0,0.0
mmlu-pro,0.25,12,0.012959931045770645,0.8879349299593312,1.492003593739355e-05,0.0,0.0
mmlu-pro,0.25,13,0.013003922067582607,0.9046543154089471,1.4576307876268402e-05,0.0,0.0
mmlu-pro,0.25,14,0.012973709963262081,0.894713059195662,1.564583544677589e-05,0.0,0.0
mmlu-pro,0.25,15,0.01299890223890543,0.8965205603253502,1.49167271956685e-05,0.0,0.0
mmlu-pro,0.25,16,0.013028121553361416,0.9010393131495708,1.531945054011885e-05,0.0,0.0
mmlu-pro,0.25,17,0.012985195964574814,0.9132399457749661,1.3993861102790106e-05,0.0,0.0
mmlu-pro,0.25,18,0.012992026284337044,0.9051061906913692,1.4250274034566246e-05,0.0,0.0
mmlu-pro,0.25,19,0.013026905246078968,0.9091730682331677,1.4664470654679462e-05,0.0,0.0
mmlu-pro,0.25,20,0.012979438528418541,0.9055580659737913,1.413046175002819e-05,0.0,0.0
mmlu-pro,0.25,21,0.012983829714357853,0.9069136918210574,1.4307067431218456e-05,0.0,0.0
mmlu-pro,0.25,22,0.01304001733660698,0.8956168097605062,1.5152548257901799e-05,0.0,0.0
mmlu-pro,0.25,23,0.013023900799453259,0.903298689561681,1.417250678059645e-05,0.0,0.0
mmlu-pro,0.25,24,0.012942216359078884,0.902846814279259,1.4543102224706672e-05,0.0,0.0
mmlu-pro,0.25,25,0.013001813553273678,0.9005874378671487,1.4640400877397042e-05,0.0,0.0
mmlu-pro,0.25,26,0.01302245818078518,0.8983280614550384,1.5263942259480245e-05,0.0,0.0
mmlu-pro,0.25,27,0.012979784980416298,0.9105286940804338,1.4007634490553755e-05,0.0,0.0
mmlu-pro,0.25,28,0.013014479540288448,0.9064618165386353,1.4267862752603833e-05,0.0,0.0
mmlu-pro,0.25,29,0.012986984103918076,0.9064618165386353,1.4264562196331099e-05,0.0,0.0
mmlu-pro,0.25,30,0.012996621429920197,0.8901943063714415,1.538689866720233e-05,0.0,0.0
mmlu-pro,0.25,31,0.013010810129344463,0.9136918210573882,1.4204566468833946e-05,0.0,0.0
mmlu-pro,0.25,32,0.012970750220119953,0.8933574333483959,1.4743794963578694e-05,0.0,0.0
mmlu-pro,0.25,33,0.01301178801804781,0.9014911884319928,1.4290655599324964e-05,0.0,0.0
mmlu-pro,0.25,34,0.012987707741558552,0.9064618165386353,1.447043086955091e-05,0.0,0.0
mmlu-pro,0.25,35,0.01300741545855999,0.9145955716222323,1.3589607988251373e-05,0.0,0.0
mmlu-pro,0.25,36,0.012988126836717129,0.893809308630818,1.4150655260891654e-05,0.0,0.0
mmlu-pro,0.25,37,0.012973775155842304,0.9064618165386353,1.47972514241701e-05,0.0,0.0
mmlu-pro,0.25,38,0.013025273568928242,0.8974243108901944,1.5350515241152607e-05,0.0,0.0
mmlu-pro,0.25,39,0.012972191907465458,0.9037505648441031,1.4414152246899903e-05,0.0,0.0
mmlu-pro,0.25,40,0.013002151623368263,0.9087211929507456,1.3705806850339286e-05,0.0,0.0
mmlu-pro,0.25,41,0.013000277802348137,0.9109805693628559,1.4774236660741735e-05,0.0,0.0
mmlu-pro,0.25,42,0.012963746674358845,0.9096249435155898,1.3479711014952045e-05,0.0,0.0
mmlu-pro,0.25,43,0.012998439371585846,0.8992318120198826,1.3684010809811298e-05,0.0,0.0
mmlu-pro,0.25,44,0.013014786876738071,0.9037505648441031,1.4680354979645927e-05,0.0,0.0
mmlu-pro,0.25,45,0.012985377572476864,0.9010393131495708,1.4708447451994289e-05,0.0,0.0
mmlu-pro,0.25,46,0.0129280099645257,0.9145955716222323,1.3711177416553255e-05,0.0,0.0
mmlu-pro,0.25,47,0.013054268434643745,0.9014911884319928,1.5033358977234457e-05,0.0,0.0
mmlu-pro,0.25,48,0.012974628247320652,0.9023949389968369,1.4590943465009332e-05,0.0,0.0
mmlu-pro,0.25,49,0.013000535778701305,0.9096249435155898,1.4606955119234044e-05,0.0,0.0
mmlu-pro,0.25,50,0.013039310462772846,0.9042024401265251,1.4880705748510081e-05,0.0,0.0
mmlu-pro,0.25,51,0.012980319559574127,0.9001355625847266,1.447454997105524e-05,0.0,0.0
mmlu-pro,0.25,52,0.013013283722102642,0.9109805693628559,1.504361534898635e-05,0.0,0.0
mmlu-pro,0.25,53,0.013056680560112,0.9073655671034795,1.3954004316474311e-05,0.0,0.0
mmlu-pro,0.25,54,0.012981554493308067,0.8996836873023046,1.4276381079980638e-05,0.0,0.0
mmlu-pro,0.25,55,0.013008049689233303,0.8942611839132399,1.4492553418676835e-05,0.0,0.0
mmlu-pro,0.25,56,0.013007030822336674,0.902846814279259,1.4169293535815086e-05,0.0,0.0
mmlu-pro,0.25,57,0.012975016608834267,0.8901943063714415,1.4930267752788495e-05,0.0,0.0
mmlu-pro,0.25,58,0.01297407504171133,0.9055580659737913,1.3966553524369374e-05,0.0,0.0
mmlu-pro,0.25,59,0.012996730394661427,0.9182105738816088,1.318721206189366e-05,0.0,0.0
mmlu-pro,0.25,60,0.013002791441977024,0.9082693176683235,1.4239300071494654e-05,0.0,0.0
mmlu-pro,0.25,61,0.013032718561589718,0.9127880704925441,1.3596390999737196e-05,0.0,0.0
mmlu-pro,0.25,62,0.012991229072213173,0.9100768187980118,1.4524163816531654e-05,0.0,0.0
mmlu-pro,0.25,63,0.012976463884115219,0.9127880704925441,1.4010183804202825e-05,0.0,0.0
mmlu-pro,0.25,64,0.0129540478810668,0.9046543154089471,1.4549229490512516e-05,0.0,0.0
mmlu-pro,0.25,65,0.013010561466217041,0.9005874378671487,1.4318556168291252e-05,0.0,0.0
mmlu-pro,0.25,66,0.013021630235016346,0.8901943063714415,1.5441984942299314e-05,0.0,0.0
mmlu-pro,0.25,67,0.013009093701839447,0.9082693176683235,1.4477363038167823e-05,0.0,0.0
mmlu-pro,0.25,68,0.01300685666501522,0.9019430637144149,1.5034510397526901e-05,0.0,0.0
mmlu-pro,0.25,69,0.012983696535229683,0.8929055580659738,1.456130212318385e-05,0.0,0.0
mmlu-pro,0.25,70,0.013011756353080273,0.9060099412562134,1.435488502465887e-05,0.0,0.0
mmlu-pro,0.25,71,0.012954548001289368,0.9023949389968369,1.4543549696099944e-05,0.0,0.0
mmlu-pro,0.25,72,0.012968597933650017,0.9069136918210574,1.3593526091426611e-05,0.0,0.0
mmlu-pro,0.25,73,0.013024687767028809,0.8920018075011297,1.552589856146369e-05,0.0,0.0
mmlu-pro,0.25,74,0.01295502483844757,0.8978761861726164,1.4354699487739708e-05,0.0,0.0
mmlu-pro,0.25,75,0.01300913468003273,0.9037505648441031,1.4525669030263089e-05,0.0,0.0
mmlu-pro,0.25,76,0.013017387129366398,0.9051061906913692,1.4808110790909268e-05,0.0,0.0
mmlu-pro,0.25,77,0.013024881482124329,0.9100768187980118,1.4913896848156583e-05,0.0,0.0
mmlu-pro,0.25,78,0.012995697557926178,0.8983280614550384,1.4856952475383878e-05,0.0,0.0
mmlu-pro,0.25,79,0.013011634349822998,0.903298689561681,1.4623688002757262e-05,0.0,0.0
mmlu-pro,0.25,80,0.01301260944455862,0.9055580659737913,1.4969556104915682e-05,0.0,0.0
mmlu-pro,0.25,81,0.012960595078766346,0.9019430637144149,1.4134412595012691e-05,0.0,0.0
mmlu-pro,0.25,82,0.013024989515542984,0.9037505648441031,1.5045233340060804e-05,0.0,0.0
mmlu-pro,0.25,83,0.013020932674407959,0.9100768187980118,1.4582094991055783e-05,0.0,0.0
mmlu-pro,0.25,84,0.012966826558113098,0.8987799367374605,1.5080126104294322e-05,0.0,0.0
mmlu-pro,0.25,85,0.012995431199669838,0.8960686850429281,1.4826538972556591e-05,0.0,0.0
mmlu-pro,0.25,86,0.012996832840144634,0.9051061906913692,1.3880562619306147e-05,0.0,0.0
mmlu-pro,0.25,87,0.012950750067830086,0.9105286940804338,1.3860500075679738e-05,0.0,0.0
mmlu-pro,0.25,88,0.012964099645614624,0.9037505648441031,1.4795169590797741e-05,0.0,0.0
mmlu-pro,0.25,89,0.012986784800887108,0.903298689561681,1.4674845260742586e-05,0.0,0.0
mmlu-pro,0.25,90,0.01294933445751667,0.9023949389968369,1.4409552022698335e-05,0.0,0.0
mmlu-pro,0.25,91,0.013040473684668541,0.9105286940804338,1.4100472071731929e-05,0.0,0.0
mmlu-pro,0.25,92,0.013006207533180714,0.9051061906913692,1.4442794963542838e-05,0.0,0.0
mmlu-pro,0.25,93,0.012931176461279392,0.8956168097605062,1.5124823221412953e-05,0.0,0.0
mmlu-pro,0.25,94,0.012963921763002872,0.9042024401265251,1.4284270946518518e-05,0.0,0.0
mmlu-pro,0.25,95,0.013009070418775082,0.9051061906913692,1.4855620975140482e-05,0.0,0.0
mmlu-pro,0.25,96,0.013003994710743427,0.9055580659737913,1.4694369383505546e-05,0.0,0.0
mmlu-pro,0.25,97,0.012984264642000198,0.9091730682331677,1.4049818673811387e-05,0.0,0.0
mmlu-pro,0.25,98,0.013007285073399544,0.9042024401265251,1.4611439837608486e-05,0.0,0.0
mmlu-pro,0.25,99,0.012999705038964748,0.9019430637144149,1.465934474254027e-05,0.0,0.0
